2026-06-24 19:49:38,390 | ERROR | Main Loop Error: [Errno 2] No such file or directory: 'accounts.txt'
2026-06-24 19:50:38,403 | ERROR | Main Loop Error: [Errno 2] No such file or directory: 'accounts.txt'
2026-06-24 19:51:38,405 | ERROR | Main Loop Error: [Errno 2] No such file or directory: 'accounts.txt'
2026-06-24 19:52:38,407 | ERROR | Main Loop Error: [Errno 2] No such file or directory: 'accounts.txt'
2026-06-24 19:53:38,409 | ERROR | Main Loop Error: [Errno 2] No such file or directory: 'accounts.txt'
2026-06-24 19:54:38,410 | ERROR | Main Loop Error: [Errno 2] No such file or directory: 'accounts.txt'
2026-06-24 19:55:38,412 | ERROR | Main Loop Error: [Errno 2] No such file or directory: 'accounts.txt'
2026-06-24 19:56:38,418 | ERROR | Main Loop Error: [Errno 2] No such file or directory: 'accounts.txt'
2026-06-24 20:04:30,725 | ERROR | Account Error kannbwx: 402 Payment Required
Your enrolled account [2046188739676782592] does not have any credits to fulfill this request.
2026-06-24 20:04:31,038 | ERROR | Account Error SUNSEEDMAN: 402 Payment Required
Your enrolled account [2046188739676782592] does not have any credits to fulfill this request.
2026-06-24 20:04:31,349 | ERROR | Account Error mkt_intl: 402 Payment Required
Your enrolled account [2046188739676782592] does not have any credits to fulfill this request.
2026-06-24 20:04:31,665 | ERROR | Account Error FarmPolicy: 402 Payment Required
Your enrolled account [2046188739676782592] does not have any credits to fulfill this request.
2026-06-24 20:04:31,976 | ERROR | Account Error CropProphet: 402 Payment Required
Your enrolled account [2046188739676782592] does not have any credits to fulfill this request.
2026-06-24 20:04:32,274 | ERROR | Account Error USDA: 402 Payment Required
Your enrolled account [2046188739676782592] does not have any credits to fulfill this request.
2026-06-24 20:04:32,571 | ERROR | Account Error usda_nass: 402 Payment Required
Your enrolled account [2046188739676782592] does not have any credits to fulfill this request.
2026-06-24 20:04:32,887 | ERROR | Account Error usda_fas: 402 Payment Required
Your enrolled account [2046188739676782592] does not have any credits to fulfill this request.
2026-06-24 20:04:33,184 | ERROR | Account Error NWS: 402 Payment Required
Your enrolled account [2046188739676782592] does not have any credits to fulfill this request.
2026-06-24 20:04:33,493 | ERROR | Account Error NOAAClimate: 402 Payment Required
Your enrolled account [2046188739676782592] does not have any credits to fulfill this request.
2026-06-24 20:04:33,841 | ERROR | Account Error CMEGroup: 402 Payment Required
Your enrolled account [2046188739676782592] does not have any credits to fulfill this request.
2026-06-24 20:04:34,139 | ERROR | Account Error ReutersAg: 402 Payment Required
Your enrolled account [2046188739676782592] does not have any credits to fulfill this request.
2026-06-24 20:04:34,469 | ERROR | Account Error WalterBloomberg: 402 Payment Required
Your enrolled account [2046188739676782592] does not have any credits to fulfill this request.
2026-06-24 20:04:34,776 | ERROR | Account Error financialjuice: 402 Payment Required
Your enrolled account [2046188739676782592] does not have any credits to fulfill this request.
2026-06-24 20:04:35,080 | ERROR | Account Error Barchart: 402 Payment Required
Your enrolled account [2046188739676782592] does not have any credits to fulfill this request.
2026-06-24 20:04:35,392 | ERROR | Account Error StoneXGroup: 402 Payment Required
Your enrolled account [2046188739676782592] does not have any credits to fulfill this request.
2026-06-24 20:04:35,692 | ERROR | Account Error ADMupdates: 402 Payment Required
Your enrolled account [2046188739676782592] does not have any credits to fulfill this request.
2026-06-24 20:04:35,996 | ERROR | Account Error CHSInc: 402 Payment Required
Your enrolled account [2046188739676782592] does not have any credits to fulfill this request.
2026-06-24 20:04:36,308 | ERROR | Account Error Cargill: 402 Payment Required
Your enrolled account [2046188739676782592] does not have any credits to fulfill this request.
2026-06-24 20:05:36,621 | ERROR | Account Error kannbwx: 402 Payment Required
Your enrolled account [2046188739676782592] does not have any credits to fulfill this request.
2026-06-24 20:05:36,910 | ERROR | Account Error SUNSEEDMAN: 402 Payment Required
Your enrolled account [2046188739676782592] does not have any credits to fulfill this request.
2026-06-24 20:05:37,205 | ERROR | Account Error mkt_intl: 402 Payment Required
Your enrolled account [2046188739676782592] does not have any credits to fulfill this request.
2026-06-24 20:05:37,519 | ERROR | Account Error FarmPolicy: 402 Payment Required
Your enrolled account [2046188739676782592] does not have any credits to fulfill this request.
2026-06-24 20:05:37,810 | ERROR | Account Error CropProphet: 402 Payment Required
Your enrolled account [2046188739676782592] does not have any credits to fulfill this request.
2026-06-24 20:05:38,126 | ERROR | Account Error USDA: 402 Payment Required
Your enrolled account [2046188739676782592] does not have any credits to fulfill this request.
2026-06-24 20:05:38,433 | ERROR | Account Error usda_nass: 402 Payment Required
Your enrolled account [2046188739676782592] does not have any credits to fulfill this request.
2026-06-24 20:05:38,725 | ERROR | Account Error usda_fas: 402 Payment Required
Your enrolled account [2046188739676782592] does not have any credits to fulfill this request.
2026-06-24 20:05:39,022 | ERROR | Account Error NWS: 402 Payment Required
Your enrolled account [2046188739676782592] does not have any credits to fulfill this request.
2026-06-24 20:05:39,303 | ERROR | Account Error NOAAClimate: 402 Payment Required
Your enrolled account [2046188739676782592] does not have any credits to fulfill this request.
2026-06-24 20:05:39,650 | ERROR | Account Error CMEGroup: 402 Payment Required
Your enrolled account [2046188739676782592] does not have any credits to fulfill this request.
2026-06-24 20:05:39,951 | ERROR | Account Error ReutersAg: 402 Payment Required
Your enrolled account [2046188739676782592] does not have any credits to fulfill this request.
2026-06-24 20:05:40,255 | ERROR | Account Error WalterBloomberg: 402 Payment Required
Your enrolled account [2046188739676782592] does not have any credits to fulfill this request.
2026-06-24 20:05:40,551 | ERROR | Account Error financialjuice: 402 Payment Required
Your enrolled account [2046188739676782592] does not have any credits to fulfill this request.
2026-06-24 20:05:40,849 | ERROR | Account Error Barchart: 402 Payment Required
Your enrolled account [2046188739676782592] does not have any credits to fulfill this request.
2026-06-24 20:05:41,166 | ERROR | Account Error StoneXGroup: 402 Payment Required
Your enrolled account [2046188739676782592] does not have any credits to fulfill this request.
2026-06-24 20:05:41,458 | ERROR | Account Error ADMupdates: 402 Payment Required
Your enrolled account [2046188739676782592] does not have any credits to fulfill this request.
2026-06-24 20:05:41,741 | ERROR | Account Error CHSInc: 402 Payment Required
Your enrolled account [2046188739676782592] does not have any credits to fulfill this request.
2026-06-24 20:05:42,056 | ERROR | Account Error Cargill: 402 Payment Required
Your enrolled account [2046188739676782592] does not have any credits to fulfill this request.
2026-06-24 20:06:42,377 | ERROR | Account Error kannbwx: 402 Payment Required
Your enrolled account [2046188739676782592] does not have any credits to fulfill this request.
2026-06-24 20:06:42,679 | ERROR | Account Error SUNSEEDMAN: 402 Payment Required
Your enrolled account [2046188739676782592] does not have any credits to fulfill this request.
2026-06-24 20:06:42,979 | ERROR | Account Error mkt_intl: 402 Payment Required
Your enrolled account [2046188739676782592] does not have any credits to fulfill this request.
2026-06-24 20:06:43,293 | ERROR | Account Error FarmPolicy: 402 Payment Required
Your enrolled account [2046188739676782592] does not have any credits to fulfill this request.
2026-06-24 20:06:43,590 | ERROR | Account Error CropProphet: 402 Payment Required
Your enrolled account [2046188739676782592] does not have any credits to fulfill this request.
2026-06-24 20:06:43,893 | ERROR | Account Error USDA: 402 Payment Required
Your enrolled account [2046188739676782592] does not have any credits to fulfill this request.
2026-06-24 20:06:44,184 | ERROR | Account Error usda_nass: 402 Payment Required
Your enrolled account [2046188739676782592] does not have any credits to fulfill this request.
2026-06-24 20:06:44,489 | ERROR | Account Error usda_fas: 402 Payment Required
Your enrolled account [2046188739676782592] does not have any credits to fulfill this request.
2026-06-24 20:06:44,779 | ERROR | Account Error NWS: 402 Payment Required
Your enrolled account [2046188739676782592] does not have any credits to fulfill this request.
2026-06-24 20:06:45,091 | ERROR | Account Error NOAAClimate: 402 Payment Required
Your enrolled account [2046188739676782592] does not have any credits to fulfill this request.
2026-06-24 20:06:45,389 | ERROR | Account Error CMEGroup: 402 Payment Required
Your enrolled account [2046188739676782592] does not have any credits to fulfill this request.
2026-06-24 20:06:45,675 | ERROR | Account Error ReutersAg: 402 Payment Required
Your enrolled account [2046188739676782592] does not have any credits to fulfill this request.
2026-06-24 20:06:46,004 | ERROR | Account Error WalterBloomberg: 402 Payment Required
Your enrolled account [2046188739676782592] does not have any credits to fulfill this request.
2026-06-24 20:06:46,301 | ERROR | Account Error financialjuice: 402 Payment Required
Your enrolled account [2046188739676782592] does not have any credits to fulfill this request.
2026-06-24 20:06:46,598 | ERROR | Account Error Barchart: 402 Payment Required
Your enrolled account [2046188739676782592] does not have any credits to fulfill this request.
2026-06-24 20:06:46,896 | ERROR | Account Error StoneXGroup: 402 Payment Required
Your enrolled account [2046188739676782592] does not have any credits to fulfill this request.
2026-06-24 20:06:47,195 | ERROR | Account Error ADMupdates: 402 Payment Required
Your enrolled account [2046188739676782592] does not have any credits to fulfill this request.
2026-06-24 20:06:47,490 | ERROR | Account Error CHSInc: 402 Payment Required
Your enrolled account [2046188739676782592] does not have any credits to fulfill this request.
2026-06-24 20:06:47,794 | ERROR | Account Error Cargill: 402 Payment Required
Your enrolled account [2046188739676782592] does not have any credits to fulfill this request.
2026-06-24 20:07:48,100 | ERROR | Account Error kannbwx: 402 Payment Required
Your enrolled account [2046188739676782592] does not have any credits to fulfill this request.
2026-06-24 20:07:48,406 | ERROR | Account Error SUNSEEDMAN: 402 Payment Required
Your enrolled account [2046188739676782592] does not have any credits to fulfill this request.
2026-06-24 20:07:48,712 | ERROR | Account Error mkt_intl: 402 Payment Required
Your enrolled account [2046188739676782592] does not have any credits to fulfill this request.
2026-06-24 20:07:49,019 | ERROR | Account Error FarmPolicy: 402 Payment Required
Your enrolled account [2046188739676782592] does not have any credits to fulfill this request.
2026-06-24 20:07:49,323 | ERROR | Account Error CropProphet: 402 Payment Required
Your enrolled account [2046188739676782592] does not have any credits to fulfill this request.
2026-06-24 20:07:49,613 | ERROR | Account Error USDA: 402 Payment Required
Your enrolled account [2046188739676782592] does not have any credits to fulfill this request.
2026-06-24 20:07:49,916 | ERROR | Account Error usda_nass: 402 Payment Required
Your enrolled account [2046188739676782592] does not have any credits to fulfill this request.
2026-06-24 20:07:50,209 | ERROR | Account Error usda_fas: 402 Payment Required
Your enrolled account [2046188739676782592] does not have any credits to fulfill this request.
2026-06-24 20:07:50,508 | ERROR | Account Error NWS: 402 Payment Required
Your enrolled account [2046188739676782592] does not have any credits to fulfill this request.
2026-06-24 20:07:50,831 | ERROR | Account Error NOAAClimate: 402 Payment Required
Your enrolled account [2046188739676782592] does not have any credits to fulfill this request.
2026-06-24 20:07:51,117 | ERROR | Account Error CMEGroup: 402 Payment Required
Your enrolled account [2046188739676782592] does not have any credits to fulfill this request.
2026-06-24 20:07:51,409 | ERROR | Account Error ReutersAg: 402 Payment Required
Your enrolled account [2046188739676782592] does not have any credits to fulfill this request.
2026-06-24 20:07:51,692 | ERROR | Account Error WalterBloomberg: 402 Payment Required
Your enrolled account [2046188739676782592] does not have any credits to fulfill this request.
2026-06-24 20:07:51,989 | ERROR | Account Error financialjuice: 402 Payment Required
Your enrolled account [2046188739676782592] does not have any credits to fulfill this request.
2026-06-24 20:07:52,286 | ERROR | Account Error Barchart: 402 Payment Required
Your enrolled account [2046188739676782592] does not have any credits to fulfill this request.
2026-06-24 20:07:52,569 | ERROR | Account Error StoneXGroup: 402 Payment Required
Your enrolled account [2046188739676782592] does not have any credits to fulfill this request.
2026-06-24 20:07:52,872 | ERROR | Account Error ADMupdates: 402 Payment Required
Your enrolled account [2046188739676782592] does not have any credits to fulfill this request.
2026-06-24 20:07:53,164 | ERROR | Account Error CHSInc: 402 Payment Required
Your enrolled account [2046188739676782592] does not have any credits to fulfill this request.
2026-06-24 20:07:53,483 | ERROR | Account Error Cargill: 402 Payment Required
Your enrolled account [2046188739676782592] does not have any credits to fulfill this request.
2026-06-24 20:08:53,785 | ERROR | Account Error kannbwx: 402 Payment Required
Your enrolled account [2046188739676782592] does not have any credits to fulfill this request.
2026-06-24 20:08:54,069 | ERROR | Account Error SUNSEEDMAN: 402 Payment Required
Your enrolled account [2046188739676782592] does not have any credits to fulfill this request.
2026-06-24 20:08:54,357 | ERROR | Account Error mkt_intl: 402 Payment Required
Your enrolled account [2046188739676782592] does not have any credits to fulfill this request.
2026-06-24 20:08:54,664 | ERROR | Account Error FarmPolicy: 402 Payment Required
Your enrolled account [2046188739676782592] does not have any credits to fulfill this request.
2026-06-24 20:08:54,977 | ERROR | Account Error CropProphet: 402 Payment Required
Your enrolled account [2046188739676782592] does not have any credits to fulfill this request.
2026-06-24 20:08:55,281 | ERROR | Account Error USDA: 402 Payment Required
Your enrolled account [2046188739676782592] does not have any credits to fulfill this request.
2026-06-24 20:08:55,572 | ERROR | Account Error usda_nass: 402 Payment Required
Your enrolled account [2046188739676782592] does not have any credits to fulfill this request.
2026-06-24 20:08:55,876 | ERROR | Account Error usda_fas: 402 Payment Required
Your enrolled account [2046188739676782592] does not have any credits to fulfill this request.
2026-06-24 20:08:56,170 | ERROR | Account Error NWS: 402 Payment Required
Your enrolled account [2046188739676782592] does not have any credits to fulfill this request.
2026-06-24 20:08:56,476 | ERROR | Account Error NOAAClimate: 402 Payment Required
Your enrolled account [2046188739676782592] does not have any credits to fulfill this request.
2026-06-24 20:08:56,781 | ERROR | Account Error CMEGroup: 402 Payment Required
Your enrolled account [2046188739676782592] does not have any credits to fulfill this request.
2026-06-24 20:08:57,092 | ERROR | Account Error ReutersAg: 402 Payment Required
Your enrolled account [2046188739676782592] does not have any credits to fulfill this request.
2026-06-24 20:08:57,404 | ERROR | Account Error WalterBloomberg: 402 Payment Required
Your enrolled account [2046188739676782592] does not have any credits to fulfill this request.
2026-06-24 20:08:57,689 | ERROR | Account Error financialjuice: 402 Payment Required
Your enrolled account [2046188739676782592] does not have any credits to fulfill this request.
2026-06-24 20:08:58,004 | ERROR | Account Error Barchart: 402 Payment Required
Your enrolled account [2046188739676782592] does not have any credits to fulfill this request.
2026-06-24 20:08:58,300 | ERROR | Account Error StoneXGroup: 402 Payment Required
Your enrolled account [2046188739676782592] does not have any credits to fulfill this request.
2026-06-24 20:08:58,599 | ERROR | Account Error ADMupdates: 402 Payment Required
Your enrolled account [2046188739676782592] does not have any credits to fulfill this request.
2026-06-24 20:08:58,904 | ERROR | Account Error CHSInc: 402 Payment Required
Your enrolled account [2046188739676782592] does not have any credits to fulfill this request.
2026-06-24 20:08:59,210 | ERROR | Account Error Cargill: 402 Payment Required
Your enrolled account [2046188739676782592] does not have any credits to fulfill this request.
2026-06-24 20:09:59,507 | ERROR | Account Error kannbwx: 402 Payment Required
Your enrolled account [2046188739676782592] does not have any credits to fulfill this request.
2026-06-24 20:09:59,817 | ERROR | Account Error SUNSEEDMAN: 402 Payment Required
Your enrolled account [2046188739676782592] does not have any credits to fulfill this request.
2026-06-24 20:10:00,132 | ERROR | Account Error mkt_intl: 402 Payment Required
Your enrolled account [2046188739676782592] does not have any credits to fulfill this request.
2026-06-24 20:10:00,428 | ERROR | Account Error FarmPolicy: 402 Payment Required
Your enrolled account [2046188739676782592] does not have any credits to fulfill this request.
2026-06-24 20:10:00,740 | ERROR | Account Error CropProphet: 402 Payment Required
Your enrolled account [2046188739676782592] does not have any credits to fulfill this request.
2026-06-24 20:10:01,023 | ERROR | Account Error USDA: 402 Payment Required
Your enrolled account [2046188739676782592] does not have any credits to fulfill this request.
2026-06-24 20:10:01,336 | ERROR | Account Error usda_nass: 402 Payment Required
Your enrolled account [2046188739676782592] does not have any credits to fulfill this request.
2026-06-24 20:10:01,632 | ERROR | Account Error usda_fas: 402 Payment Required
Your enrolled account [2046188739676782592] does not have any credits to fulfill this request.
2026-06-24 20:10:01,945 | ERROR | Account Error NWS: 402 Payment Required
Your enrolled account [2046188739676782592] does not have any credits to fulfill this request.
2026-06-24 20:10:02,246 | ERROR | Account Error NOAAClimate: 402 Payment Required
Your enrolled account [2046188739676782592] does not have any credits to fulfill this request.
2026-06-24 20:10:02,538 | ERROR | Account Error CMEGroup: 402 Payment Required
Your enrolled account [2046188739676782592] does not have any credits to fulfill this request.
2026-06-24 20:10:02,842 | ERROR | Account Error ReutersAg: 402 Payment Required
Your enrolled account [2046188739676782592] does not have any credits to fulfill this request.
2026-06-24 20:10:03,132 | ERROR | Account Error WalterBloomberg: 402 Payment Required
Your enrolled account [2046188739676782592] does not have any credits to fulfill this request.
2026-06-24 20:10:03,428 | ERROR | Account Error financialjuice: 402 Payment Required
Your enrolled account [2046188739676782592] does not have any credits to fulfill this request.
2026-06-24 20:10:03,741 | ERROR | Account Error Barchart: 402 Payment Required
Your enrolled account [2046188739676782592] does not have any credits to fulfill this request.
2026-06-24 20:10:04,067 | ERROR | Account Error StoneXGroup: 402 Payment Required
Your enrolled account [2046188739676782592] does not have any credits to fulfill this request.
2026-06-24 20:10:04,379 | ERROR | Account Error ADMupdates: 402 Payment Required
Your enrolled account [2046188739676782592] does not have any credits to fulfill this request.
2026-06-24 20:10:04,669 | ERROR | Account Error CHSInc: 402 Payment Required
Your enrolled account [2046188739676782592] does not have any credits to fulfill this request.
2026-06-24 20:10:04,960 | ERROR | Account Error Cargill: 402 Payment Required
Your enrolled account [2046188739676782592] does not have any credits to fulfill this request.
2026-06-24 20:11:05,280 | ERROR | Account Error kannbwx: 402 Payment Required
Your enrolled account [2046188739676782592] does not have any credits to fulfill this request.
2026-06-24 20:11:05,585 | ERROR | Account Error SUNSEEDMAN: 402 Payment Required
Your enrolled account [2046188739676782592] does not have any credits to fulfill this request.
2026-06-24 20:11:05,887 | ERROR | Account Error mkt_intl: 402 Payment Required
Your enrolled account [2046188739676782592] does not have any credits to fulfill this request.
2026-06-24 20:11:06,173 | ERROR | Account Error FarmPolicy: 402 Payment Required
Your enrolled account [2046188739676782592] does not have any credits to fulfill this request.
2026-06-24 20:11:06,477 | ERROR | Account Error CropProphet: 402 Payment Required
Your enrolled account [2046188739676782592] does not have any credits to fulfill this request.
2026-06-24 20:11:06,758 | ERROR | Account Error USDA: 402 Payment Required
Your enrolled account [2046188739676782592] does not have any credits to fulfill this request.
2026-06-24 20:11:07,130 | ERROR | Account Error usda_nass: 402 Payment Required
Your enrolled account [2046188739676782592] does not have any credits to fulfill this request.
2026-06-24 20:11:07,412 | ERROR | Account Error usda_fas: 402 Payment Required
Your enrolled account [2046188739676782592] does not have any credits to fulfill this request.
2026-06-24 20:11:07,697 | ERROR | Account Error NWS: 402 Payment Required
Your enrolled account [2046188739676782592] does not have any credits to fulfill this request.
2026-06-24 20:11:07,995 | ERROR | Account Error NOAAClimate: 402 Payment Required
Your enrolled account [2046188739676782592] does not have any credits to fulfill this request.
2026-06-24 20:11:08,308 | ERROR | Account Error CMEGroup: 402 Payment Required
Your enrolled account [2046188739676782592] does not have any credits to fulfill this request.
2026-06-24 20:11:08,606 | ERROR | Account Error ReutersAg: 402 Payment Required
Your enrolled account [2046188739676782592] does not have any credits to fulfill this request.
2026-06-24 20:11:08,903 | ERROR | Account Error WalterBloomberg: 402 Payment Required
Your enrolled account [2046188739676782592] does not have any credits to fulfill this request.
2026-06-24 20:11:09,186 | ERROR | Account Error financialjuice: 402 Payment Required
Your enrolled account [2046188739676782592] does not have any credits to fulfill this request.
2026-06-24 20:11:09,490 | ERROR | Account Error Barchart: 402 Payment Required
Your enrolled account [2046188739676782592] does not have any credits to fulfill this request.
2026-06-24 20:11:09,797 | ERROR | Account Error StoneXGroup: 402 Payment Required
Your enrolled account [2046188739676782592] does not have any credits to fulfill this request.
2026-06-24 20:11:10,112 | ERROR | Account Error ADMupdates: 402 Payment Required
Your enrolled account [2046188739676782592] does not have any credits to fulfill this request.
2026-06-24 20:11:10,411 | ERROR | Account Error CHSInc: 402 Payment Required
Your enrolled account [2046188739676782592] does not have any credits to fulfill this request.
2026-06-24 20:11:10,692 | ERROR | Account Error Cargill: 402 Payment Required
Your enrolled account [2046188739676782592] does not have any credits to fulfill this request.
2026-06-24 20:12:10,992 | ERROR | Account Error kannbwx: 402 Payment Required
Your enrolled account [2046188739676782592] does not have any credits to fulfill this request.
2026-06-24 20:12:11,285 | ERROR | Account Error SUNSEEDMAN: 402 Payment Required
Your enrolled account [2046188739676782592] does not have any credits to fulfill this request.
2026-06-24 20:12:11,596 | ERROR | Account Error mkt_intl: 402 Payment Required
Your enrolled account [2046188739676782592] does not have any credits to fulfill this request.
2026-06-24 20:12:11,897 | ERROR | Account Error FarmPolicy: 402 Payment Required
Your enrolled account [2046188739676782592] does not have any credits to fulfill this request.
2026-06-24 20:12:12,191 | ERROR | Account Error CropProphet: 402 Payment Required
Your enrolled account [2046188739676782592] does not have any credits to fulfill this request.
2026-06-24 20:12:12,490 | ERROR | Account Error USDA: 402 Payment Required
Your enrolled account [2046188739676782592] does not have any credits to fulfill this request.
2026-06-24 20:12:12,802 | ERROR | Account Error usda_nass: 402 Payment Required
Your enrolled account [2046188739676782592] does not have any credits to fulfill this request.
2026-06-24 20:12:13,086 | ERROR | Account Error usda_fas: 402 Payment Required
Your enrolled account [2046188739676782592] does not have any credits to fulfill this request.
2026-06-24 20:12:13,387 | ERROR | Account Error NWS: 402 Payment Required
Your enrolled account [2046188739676782592] does not have any credits to fulfill this request.
2026-06-24 20:12:13,705 | ERROR | Account Error NOAAClimate: 402 Payment Required
Your enrolled account [2046188739676782592] does not have any credits to fulfill this request.
2026-06-24 20:12:13,990 | ERROR | Account Error CMEGroup: 402 Payment Required
Your enrolled account [2046188739676782592] does not have any credits to fulfill this request.
2026-06-24 20:12:14,311 | ERROR | Account Error ReutersAg: 402 Payment Required
Your enrolled account [2046188739676782592] does not have any credits to fulfill this request.
2026-06-24 20:12:14,617 | ERROR | Account Error WalterBloomberg: 402 Payment Required
Your enrolled account [2046188739676782592] does not have any credits to fulfill this request.
2026-06-24 20:12:14,928 | ERROR | Account Error financialjuice: 402 Payment Required
Your enrolled account [2046188739676782592] does not have any credits to fulfill this request.
2026-06-24 20:12:15,225 | ERROR | Account Error Barchart: 402 Payment Required
Your enrolled account [2046188739676782592] does not have any credits to fulfill this request.
2026-06-24 20:12:15,525 | ERROR | Account Error StoneXGroup: 402 Payment Required
Your enrolled account [2046188739676782592] does not have any credits to fulfill this request.
2026-06-24 20:12:15,838 | ERROR | Account Error ADMupdates: 402 Payment Required
Your enrolled account [2046188739676782592] does not have any credits to fulfill this request.
2026-06-24 20:12:16,135 | ERROR | Account Error CHSInc: 402 Payment Required
Your enrolled account [2046188739676782592] does not have any credits to fulfill this request.
2026-06-24 20:12:16,448 | WARNING | Rate limit exceeded. Sleeping for 436 seconds.
2026-06-24 20:19:33,183 | ERROR | Account Error Cargill: 402 Payment Required
Your enrolled account [2046188739676782592] does not have any credits to fulfill this request.
2026-06-24 20:20:33,473 | ERROR | Account Error kannbwx: 402 Payment Required
Your enrolled account [2046188739676782592] does not have any credits to fulfill this request.
2026-06-24 20:20:33,743 | ERROR | Account Error SUNSEEDMAN: 402 Payment Required
Your enrolled account [2046188739676782592] does not have any credits to fulfill this request.
2026-06-24 20:20:34,016 | ERROR | Account Error mkt_intl: 402 Payment Required
Your enrolled account [2046188739676782592] does not have any credits to fulfill this request.
2026-06-24 20:20:34,269 | ERROR | Account Error FarmPolicy: 402 Payment Required
Your enrolled account [2046188739676782592] does not have any credits to fulfill this request.
2026-06-24 20:20:34,541 | ERROR | Account Error CropProphet: 402 Payment Required
Your enrolled account [2046188739676782592] does not have any credits to fulfill this request.
2026-06-24 20:20:34,822 | ERROR | Account Error USDA: 402 Payment Required
Your enrolled account [2046188739676782592] does not have any credits to fulfill this request.
2026-06-24 20:20:35,073 | ERROR | Account Error usda_nass: 402 Payment Required
Your enrolled account [2046188739676782592] does not have any credits to fulfill this request.
2026-06-24 20:20:35,326 | ERROR | Account Error usda_fas: 402 Payment Required
Your enrolled account [2046188739676782592] does not have any credits to fulfill this request.
2026-06-24 20:20:35,594 | ERROR | Account Error NWS: 402 Payment Required
Your enrolled account [2046188739676782592] does not have any credits to fulfill this request.
2026-06-24 20:20:35,843 | ERROR | Account Error NOAAClimate: 402 Payment Required
Your enrolled account [2046188739676782592] does not have any credits to fulfill this request.
2026-06-24 20:20:36,095 | ERROR | Account Error CMEGroup: 402 Payment Required
Your enrolled account [2046188739676782592] does not have any credits to fulfill this request.
2026-06-24 20:20:36,345 | ERROR | Account Error ReutersAg: 402 Payment Required
Your enrolled account [2046188739676782592] does not have any credits to fulfill this request.
2026-06-24 20:20:36,584 | ERROR | Account Error WalterBloomberg: 402 Payment Required
Your enrolled account [2046188739676782592] does not have any credits to fulfill this request.
2026-06-24 20:20:36,845 | ERROR | Account Error financialjuice: 402 Payment Required
Your enrolled account [2046188739676782592] does not have any credits to fulfill this request.
2026-06-24 20:20:37,112 | ERROR | Account Error Barchart: 402 Payment Required
Your enrolled account [2046188739676782592] does not have any credits to fulfill this request.
2026-06-24 20:20:37,405 | ERROR | Account Error StoneXGroup: 402 Payment Required
Your enrolled account [2046188739676782592] does not have any credits to fulfill this request.
2026-06-24 20:20:37,642 | ERROR | Account Error ADMupdates: 402 Payment Required
Your enrolled account [2046188739676782592] does not have any credits to fulfill this request.
2026-06-24 20:20:37,903 | ERROR | Account Error CHSInc: 402 Payment Required
Your enrolled account [2046188739676782592] does not have any credits to fulfill this request.
2026-06-24 20:20:38,158 | ERROR | Account Error Cargill: 402 Payment Required
Your enrolled account [2046188739676782592] does not have any credits to fulfill this request.
2026-06-24 20:21:38,423 | ERROR | Account Error kannbwx: 402 Payment Required
Your enrolled account [2046188739676782592] does not have any credits to fulfill this request.
2026-06-24 20:21:38,675 | ERROR | Account Error SUNSEEDMAN: 402 Payment Required
Your enrolled account [2046188739676782592] does not have any credits to fulfill this request.
2026-06-24 20:21:38,940 | ERROR | Account Error mkt_intl: 402 Payment Required
Your enrolled account [2046188739676782592] does not have any credits to fulfill this request.
2026-06-24 20:21:39,208 | ERROR | Account Error FarmPolicy: 402 Payment Required
Your enrolled account [2046188739676782592] does not have any credits to fulfill this request.
2026-06-24 20:21:39,457 | ERROR | Account Error CropProphet: 402 Payment Required
Your enrolled account [2046188739676782592] does not have any credits to fulfill this request.
2026-06-24 20:21:39,738 | ERROR | Account Error USDA: 402 Payment Required
Your enrolled account [2046188739676782592] does not have any credits to fulfill this request.
2026-06-24 20:21:39,972 | ERROR | Account Error usda_nass: 402 Payment Required
Your enrolled account [2046188739676782592] does not have any credits to fulfill this request.
2026-06-24 20:21:40,233 | ERROR | Account Error usda_fas: 402 Payment Required
Your enrolled account [2046188739676782592] does not have any credits to fulfill this request.
2026-06-24 20:21:40,488 | ERROR | Account Error NWS: 402 Payment Required
Your enrolled account [2046188739676782592] does not have any credits to fulfill this request.
2026-06-24 20:21:40,756 | ERROR | Account Error NOAAClimate: 402 Payment Required
Your enrolled account [2046188739676782592] does not have any credits to fulfill this request.
2026-06-24 20:21:41,018 | ERROR | Account Error CMEGroup: 402 Payment Required
Your enrolled account [2046188739676782592] does not have any credits to fulfill this request.
2026-06-24 20:21:41,283 | ERROR | Account Error ReutersAg: 402 Payment Required
Your enrolled account [2046188739676782592] does not have any credits to fulfill this request.
2026-06-24 20:21:41,550 | ERROR | Account Error WalterBloomberg: 402 Payment Required
Your enrolled account [2046188739676782592] does not have any credits to fulfill this request.
2026-06-24 20:21:41,800 | ERROR | Account Error financialjuice: 402 Payment Required
Your enrolled account [2046188739676782592] does not have any credits to fulfill this request.
2026-06-24 20:21:42,050 | ERROR | Account Error Barchart: 402 Payment Required
Your enrolled account [2046188739676782592] does not have any credits to fulfill this request.
2026-06-24 20:21:42,300 | ERROR | Account Error StoneXGroup: 402 Payment Required
Your enrolled account [2046188739676782592] does not have any credits to fulfill this request.
2026-06-24 20:21:42,563 | ERROR | Account Error ADMupdates: 402 Payment Required
Your enrolled account [2046188739676782592] does not have any credits to fulfill this request.
2026-06-24 20:21:42,832 | ERROR | Account Error CHSInc: 402 Payment Required
Your enrolled account [2046188739676782592] does not have any credits to fulfill this request.
2026-06-24 20:21:43,111 | ERROR | Account Error Cargill: 402 Payment Required
Your enrolled account [2046188739676782592] does not have any credits to fulfill this request.
2026-06-24 20:22:43,359 | ERROR | Account Error kannbwx: 402 Payment Required
Your enrolled account [2046188739676782592] does not have any credits to fulfill this request.
2026-06-24 20:22:43,601 | ERROR | Account Error SUNSEEDMAN: 402 Payment Required
Your enrolled account [2046188739676782592] does not have any credits to fulfill this request.
2026-06-24 20:22:43,861 | ERROR | Account Error mkt_intl: 402 Payment Required
Your enrolled account [2046188739676782592] does not have any credits to fulfill this request.
2026-06-24 20:22:44,098 | ERROR | Account Error FarmPolicy: 402 Payment Required
Your enrolled account [2046188739676782592] does not have any credits to fulfill this request.
2026-06-24 20:22:44,370 | ERROR | Account Error CropProphet: 402 Payment Required
Your enrolled account [2046188739676782592] does not have any credits to fulfill this request.
2026-06-24 20:22:44,613 | ERROR | Account Error USDA: 402 Payment Required
Your enrolled account [2046188739676782592] does not have any credits to fulfill this request.
2026-06-24 20:22:44,876 | ERROR | Account Error usda_nass: 402 Payment Required
Your enrolled account [2046188739676782592] does not have any credits to fulfill this request.
2026-06-24 20:22:45,114 | ERROR | Account Error usda_fas: 402 Payment Required
Your enrolled account [2046188739676782592] does not have any credits to fulfill this request.
2026-06-24 20:22:45,370 | ERROR | Account Error NWS: 402 Payment Required
Your enrolled account [2046188739676782592] does not have any credits to fulfill this request.
2026-06-24 20:22:45,617 | ERROR | Account Error NOAAClimate: 402 Payment Required
Your enrolled account [2046188739676782592] does not have any credits to fulfill this request.
2026-06-24 20:22:45,877 | ERROR | Account Error CMEGroup: 402 Payment Required
Your enrolled account [2046188739676782592] does not have any credits to fulfill this request.
2026-06-24 20:22:46,118 | ERROR | Account Error ReutersAg: 402 Payment Required
Your enrolled account [2046188739676782592] does not have any credits to fulfill this request.
2026-06-24 20:22:46,356 | ERROR | Account Error WalterBloomberg: 402 Payment Required
Your enrolled account [2046188739676782592] does not have any credits to fulfill this request.
2026-06-24 20:22:46,620 | ERROR | Account Error financialjuice: 402 Payment Required
Your enrolled account [2046188739676782592] does not have any credits to fulfill this request.
2026-06-24 20:22:46,873 | ERROR | Account Error Barchart: 402 Payment Required
Your enrolled account [2046188739676782592] does not have any credits to fulfill this request.
2026-06-24 20:22:47,122 | ERROR | Account Error StoneXGroup: 402 Payment Required
Your enrolled account [2046188739676782592] does not have any credits to fulfill this request.
2026-06-24 20:22:47,382 | ERROR | Account Error ADMupdates: 402 Payment Required
Your enrolled account [2046188739676782592] does not have any credits to fulfill this request.
2026-06-24 20:22:47,640 | ERROR | Account Error CHSInc: 402 Payment Required
Your enrolled account [2046188739676782592] does not have any credits to fulfill this request.
2026-06-24 20:22:47,893 | ERROR | Account Error Cargill: 402 Payment Required
Your enrolled account [2046188739676782592] does not have any credits to fulfill this request.
2026-06-24 20:23:48,341 | ERROR | Account Error kannbwx: 402 Payment Required
Your enrolled account [2046188739676782592] does not have any credits to fulfill this request.
2026-06-24 20:23:48,605 | ERROR | Account Error SUNSEEDMAN: 402 Payment Required
Your enrolled account [2046188739676782592] does not have any credits to fulfill this request.
2026-06-24 20:23:48,855 | ERROR | Account Error mkt_intl: 402 Payment Required
Your enrolled account [2046188739676782592] does not have any credits to fulfill this request.
2026-06-24 20:23:49,122 | ERROR | Account Error FarmPolicy: 402 Payment Required
Your enrolled account [2046188739676782592] does not have any credits to fulfill this request.
2026-06-24 20:23:49,376 | ERROR | Account Error CropProphet: 402 Payment Required
Your enrolled account [2046188739676782592] does not have any credits to fulfill this request.
2026-06-24 20:23:49,639 | ERROR | Account Error USDA: 402 Payment Required
Your enrolled account [2046188739676782592] does not have any credits to fulfill this request.
2026-06-24 20:23:49,892 | ERROR | Account Error usda_nass: 402 Payment Required
Your enrolled account [2046188739676782592] does not have any credits to fulfill this request.
2026-06-24 20:23:50,142 | ERROR | Account Error usda_fas: 402 Payment Required
Your enrolled account [2046188739676782592] does not have any credits to fulfill this request.
2026-06-24 20:23:50,406 | ERROR | Account Error NWS: 402 Payment Required
Your enrolled account [2046188739676782592] does not have any credits to fulfill this request.
2026-06-24 20:23:50,661 | ERROR | Account Error NOAAClimate: 402 Payment Required
Your enrolled account [2046188739676782592] does not have any credits to fulfill this request.
2026-06-24 20:23:50,909 | ERROR | Account Error CMEGroup: 402 Payment Required
Your enrolled account [2046188739676782592] does not have any credits to fulfill this request.
2026-06-24 20:23:51,173 | ERROR | Account Error ReutersAg: 402 Payment Required
Your enrolled account [2046188739676782592] does not have any credits to fulfill this request.
2026-06-24 20:23:51,425 | ERROR | Account Error WalterBloomberg: 402 Payment Required
Your enrolled account [2046188739676782592] does not have any credits to fulfill this request.
2026-06-24 20:23:51,877 | ERROR | Account Error financialjuice: 402 Payment Required
Your enrolled account [2046188739676782592] does not have any credits to fulfill this request.
2026-06-24 20:23:52,114 | ERROR | Account Error Barchart: 402 Payment Required
Your enrolled account [2046188739676782592] does not have any credits to fulfill this request.
2026-06-24 20:23:52,353 | ERROR | Account Error StoneXGroup: 402 Payment Required
Your enrolled account [2046188739676782592] does not have any credits to fulfill this request.
2026-06-24 20:23:52,612 | ERROR | Account Error ADMupdates: 402 Payment Required
Your enrolled account [2046188739676782592] does not have any credits to fulfill this request.
2026-06-24 20:23:52,880 | ERROR | Account Error CHSInc: 402 Payment Required
Your enrolled account [2046188739676782592] does not have any credits to fulfill this request.
2026-06-24 20:23:53,114 | ERROR | Account Error Cargill: 402 Payment Required
Your enrolled account [2046188739676782592] does not have any credits to fulfill this request.
2026-06-24 20:24:53,382 | ERROR | Account Error kannbwx: 402 Payment Required
Your enrolled account [2046188739676782592] does not have any credits to fulfill this request.
2026-06-24 20:24:53,631 | ERROR | Account Error SUNSEEDMAN: 402 Payment Required
Your enrolled account [2046188739676782592] does not have any credits to fulfill this request.
2026-06-24 20:24:53,879 | ERROR | Account Error mkt_intl: 402 Payment Required
Your enrolled account [2046188739676782592] does not have any credits to fulfill this request.
2026-06-24 20:24:54,129 | ERROR | Account Error FarmPolicy: 402 Payment Required
Your enrolled account [2046188739676782592] does not have any credits to fulfill this request.
2026-06-24 20:24:54,377 | ERROR | Account Error CropProphet: 402 Payment Required
Your enrolled account [2046188739676782592] does not have any credits to fulfill this request.
2026-06-24 20:24:54,631 | ERROR | Account Error USDA: 402 Payment Required
Your enrolled account [2046188739676782592] does not have any credits to fulfill this request.
2026-06-24 20:24:54,877 | ERROR | Account Error usda_nass: 402 Payment Required
Your enrolled account [2046188739676782592] does not have any credits to fulfill this request.
2026-06-24 20:24:55,118 | ERROR | Account Error usda_fas: 402 Payment Required
Your enrolled account [2046188739676782592] does not have any credits to fulfill this request.
2026-06-24 20:24:55,377 | ERROR | Account Error NWS: 402 Payment Required
Your enrolled account [2046188739676782592] does not have any credits to fulfill this request.
2026-06-24 20:24:55,630 | ERROR | Account Error NOAAClimate: 402 Payment Required
Your enrolled account [2046188739676782592] does not have any credits to fulfill this request.
2026-06-24 20:24:55,891 | ERROR | Account Error CMEGroup: 402 Payment Required
Your enrolled account [2046188739676782592] does not have any credits to fulfill this request.
2026-06-24 20:24:56,145 | ERROR | Account Error ReutersAg: 402 Payment Required
Your enrolled account [2046188739676782592] does not have any credits to fulfill this request.
2026-06-24 20:24:56,395 | ERROR | Account Error WalterBloomberg: 402 Payment Required
Your enrolled account [2046188739676782592] does not have any credits to fulfill this request.
2026-06-24 20:24:56,631 | ERROR | Account Error financialjuice: 402 Payment Required
Your enrolled account [2046188739676782592] does not have any credits to fulfill this request.
2026-06-24 20:24:56,898 | ERROR | Account Error Barchart: 402 Payment Required
Your enrolled account [2046188739676782592] does not have any credits to fulfill this request.
2026-06-24 20:24:57,161 | ERROR | Account Error StoneXGroup: 402 Payment Required
Your enrolled account [2046188739676782592] does not have any credits to fulfill this request.
2026-06-24 20:24:57,410 | ERROR | Account Error ADMupdates: 402 Payment Required
Your enrolled account [2046188739676782592] does not have any credits to fulfill this request.
2026-06-24 20:24:57,662 | ERROR | Account Error CHSInc: 402 Payment Required
Your enrolled account [2046188739676782592] does not have any credits to fulfill this request.
2026-06-24 20:24:57,909 | ERROR | Account Error Cargill: 402 Payment Required
Your enrolled account [2046188739676782592] does not have any credits to fulfill this request.
2026-06-24 20:25:58,162 | ERROR | Account Error kannbwx: 402 Payment Required
Your enrolled account [2046188739676782592] does not have any credits to fulfill this request.
2026-06-24 20:25:58,411 | ERROR | Account Error SUNSEEDMAN: 402 Payment Required
Your enrolled account [2046188739676782592] does not have any credits to fulfill this request.
2026-06-24 20:25:58,661 | ERROR | Account Error mkt_intl: 402 Payment Required
Your enrolled account [2046188739676782592] does not have any credits to fulfill this request.
2026-06-24 20:25:58,913 | ERROR | Account Error FarmPolicy: 402 Payment Required
Your enrolled account [2046188739676782592] does not have any credits to fulfill this request.
2026-06-24 20:25:59,151 | ERROR | Account Error CropProphet: 402 Payment Required
Your enrolled account [2046188739676782592] does not have any credits to fulfill this request.
2026-06-24 20:25:59,406 | ERROR | Account Error USDA: 402 Payment Required
Your enrolled account [2046188739676782592] does not have any credits to fulfill this request.
2026-06-24 20:25:59,642 | ERROR | Account Error usda_nass: 402 Payment Required
Your enrolled account [2046188739676782592] does not have any credits to fulfill this request.
2026-06-24 20:25:59,906 | ERROR | Account Error usda_fas: 402 Payment Required
Your enrolled account [2046188739676782592] does not have any credits to fulfill this request.
2026-06-24 20:26:00,155 | ERROR | Account Error NWS: 402 Payment Required
Your enrolled account [2046188739676782592] does not have any credits to fulfill this request.
2026-06-24 20:26:00,426 | ERROR | Account Error NOAAClimate: 402 Payment Required
Your enrolled account [2046188739676782592] does not have any credits to fulfill this request.
2026-06-24 20:26:00,669 | ERROR | Account Error CMEGroup: 402 Payment Required
Your enrolled account [2046188739676782592] does not have any credits to fulfill this request.
2026-06-24 20:26:00,921 | ERROR | Account Error ReutersAg: 402 Payment Required
Your enrolled account [2046188739676782592] does not have any credits to fulfill this request.
2026-06-24 20:26:01,170 | ERROR | Account Error WalterBloomberg: 402 Payment Required
Your enrolled account [2046188739676782592] does not have any credits to fulfill this request.
2026-06-24 20:26:01,427 | ERROR | Account Error financialjuice: 402 Payment Required
Your enrolled account [2046188739676782592] does not have any credits to fulfill this request.
2026-06-24 20:26:01,704 | ERROR | Account Error Barchart: 402 Payment Required
Your enrolled account [2046188739676782592] does not have any credits to fulfill this request.
2026-06-24 20:26:01,959 | ERROR | Account Error StoneXGroup: 402 Payment Required
Your enrolled account [2046188739676782592] does not have any credits to fulfill this request.
2026-06-24 20:26:02,443 | ERROR | Account Error ADMupdates: 402 Payment Required
Your enrolled account [2046188739676782592] does not have any credits to fulfill this request.
2026-06-24 20:26:02,689 | ERROR | Account Error CHSInc: 402 Payment Required
Your enrolled account [2046188739676782592] does not have any credits to fulfill this request.
2026-06-24 20:26:02,941 | ERROR | Account Error Cargill: 402 Payment Required
Your enrolled account [2046188739676782592] does not have any credits to fulfill this request.
2026-06-24 20:27:03,189 | ERROR | Account Error kannbwx: 402 Payment Required
Your enrolled account [2046188739676782592] does not have any credits to fulfill this request.
2026-06-24 20:27:03,429 | ERROR | Account Error SUNSEEDMAN: 402 Payment Required
Your enrolled account [2046188739676782592] does not have any credits to fulfill this request.
2026-06-24 20:27:03,673 | ERROR | Account Error mkt_intl: 402 Payment Required
Your enrolled account [2046188739676782592] does not have any credits to fulfill this request.
2026-06-24 20:27:03,929 | ERROR | Account Error FarmPolicy: 402 Payment Required
Your enrolled account [2046188739676782592] does not have any credits to fulfill this request.
2026-06-24 20:27:04,190 | ERROR | Account Error CropProphet: 402 Payment Required
Your enrolled account [2046188739676782592] does not have any credits to fulfill this request.
2026-06-24 20:27:04,445 | ERROR | Account Error USDA: 402 Payment Required
Your enrolled account [2046188739676782592] does not have any credits to fulfill this request.
2026-06-24 20:27:04,692 | ERROR | Account Error usda_nass: 402 Payment Required
Your enrolled account [2046188739676782592] does not have any credits to fulfill this request.
2026-06-24 20:27:04,959 | ERROR | Account Error usda_fas: 402 Payment Required
Your enrolled account [2046188739676782592] does not have any credits to fulfill this request.
2026-06-24 20:27:05,211 | ERROR | Account Error NWS: 402 Payment Required
Your enrolled account [2046188739676782592] does not have any credits to fulfill this request.
2026-06-24 20:27:05,458 | ERROR | Account Error NOAAClimate: 402 Payment Required
Your enrolled account [2046188739676782592] does not have any credits to fulfill this request.
2026-06-24 20:27:05,711 | ERROR | Account Error CMEGroup: 402 Payment Required
Your enrolled account [2046188739676782592] does not have any credits to fulfill this request.
2026-06-24 20:27:05,961 | ERROR | Account Error ReutersAg: 402 Payment Required
Your enrolled account [2046188739676782592] does not have any credits to fulfill this request.
2026-06-24 20:27:06,217 | ERROR | Account Error WalterBloomberg: 402 Payment Required
Your enrolled account [2046188739676782592] does not have any credits to fulfill this request.
2026-06-24 20:27:06,460 | ERROR | Account Error financialjuice: 402 Payment Required
Your enrolled account [2046188739676782592] does not have any credits to fulfill this request.
2026-06-24 20:27:06,712 | ERROR | Account Error Barchart: 402 Payment Required
Your enrolled account [2046188739676782592] does not have any credits to fulfill this request.
2026-06-24 20:27:06,944 | ERROR | Account Error StoneXGroup: 402 Payment Required
Your enrolled account [2046188739676782592] does not have any credits to fulfill this request.
2026-06-24 20:27:07,210 | ERROR | Account Error ADMupdates: 402 Payment Required
Your enrolled account [2046188739676782592] does not have any credits to fulfill this request.
2026-06-24 20:27:07,508 | ERROR | Account Error CHSInc: 402 Payment Required
Your enrolled account [2046188739676782592] does not have any credits to fulfill this request.
2026-06-24 20:27:07,775 | ERROR | Account Error Cargill: 402 Payment Required
Your enrolled account [2046188739676782592] does not have any credits to fulfill this request.
2026-06-24 20:28:08,040 | ERROR | Account Error kannbwx: 402 Payment Required
Your enrolled account [2046188739676782592] does not have any credits to fulfill this request.
2026-06-24 20:28:08,279 | ERROR | Account Error SUNSEEDMAN: 402 Payment Required
Your enrolled account [2046188739676782592] does not have any credits to fulfill this request.
2026-06-24 20:28:08,554 | ERROR | Account Error mkt_intl: 402 Payment Required
Your enrolled account [2046188739676782592] does not have any credits to fulfill this request.
2026-06-24 20:28:08,809 | ERROR | Account Error FarmPolicy: 402 Payment Required
Your enrolled account [2046188739676782592] does not have any credits to fulfill this request.
2026-06-24 20:28:09,054 | ERROR | Account Error CropProphet: 402 Payment Required
Your enrolled account [2046188739676782592] does not have any credits to fulfill this request.
2026-06-24 20:28:09,295 | ERROR | Account Error USDA: 402 Payment Required
Your enrolled account [2046188739676782592] does not have any credits to fulfill this request.
2026-06-24 20:28:09,556 | ERROR | Account Error usda_nass: 402 Payment Required
Your enrolled account [2046188739676782592] does not have any credits to fulfill this request.
2026-06-24 20:28:09,807 | ERROR | Account Error usda_fas: 402 Payment Required
Your enrolled account [2046188739676782592] does not have any credits to fulfill this request.
2026-06-24 20:28:10,039 | ERROR | Account Error NWS: 402 Payment Required
Your enrolled account [2046188739676782592] does not have any credits to fulfill this request.
2026-06-24 20:28:10,322 | ERROR | Account Error NOAAClimate: 402 Payment Required
Your enrolled account [2046188739676782592] does not have any credits to fulfill this request.
2026-06-24 20:28:10,570 | ERROR | Account Error CMEGroup: 402 Payment Required
Your enrolled account [2046188739676782592] does not have any credits to fulfill this request.
2026-06-24 20:28:10,804 | ERROR | Account Error ReutersAg: 402 Payment Required
Your enrolled account [2046188739676782592] does not have any credits to fulfill this request.
2026-06-24 20:28:11,219 | ERROR | Account Error WalterBloomberg: 402 Payment Required
Your enrolled account [2046188739676782592] does not have any credits to fulfill this request.
2026-06-24 20:28:11,493 | ERROR | Account Error financialjuice: 402 Payment Required
Your enrolled account [2046188739676782592] does not have any credits to fulfill this request.
2026-06-24 20:28:11,746 | ERROR | Account Error Barchart: 402 Payment Required
Your enrolled account [2046188739676782592] does not have any credits to fulfill this request.
2026-06-24 20:28:11,994 | ERROR | Account Error StoneXGroup: 402 Payment Required
Your enrolled account [2046188739676782592] does not have any credits to fulfill this request.
2026-06-24 20:28:12,372 | ERROR | Account Error ADMupdates: 402 Payment Required
Your enrolled account [2046188739676782592] does not have any credits to fulfill this request.
2026-06-24 20:28:12,621 | WARNING | Rate limit exceeded. Sleeping for 382 seconds.
2026-06-24 20:34:35,912 | ERROR | Account Error CHSInc: 402 Payment Required
Your enrolled account [2046188739676782592] does not have any credits to fulfill this request.
2026-06-24 20:34:36,170 | ERROR | Account Error Cargill: 402 Payment Required
Your enrolled account [2046188739676782592] does not have any credits to fulfill this request.
2026-06-24 20:35:36,448 | ERROR | Account Error kannbwx: 402 Payment Required
Your enrolled account [2046188739676782592] does not have any credits to fulfill this request.
2026-06-24 20:35:36,695 | ERROR | Account Error SUNSEEDMAN: 402 Payment Required
Your enrolled account [2046188739676782592] does not have any credits to fulfill this request.
2026-06-24 20:35:36,949 | ERROR | Account Error mkt_intl: 402 Payment Required
Your enrolled account [2046188739676782592] does not have any credits to fulfill this request.
2026-06-24 20:35:37,194 | ERROR | Account Error FarmPolicy: 402 Payment Required
Your enrolled account [2046188739676782592] does not have any credits to fulfill this request.
2026-06-24 20:35:37,466 | ERROR | Account Error CropProphet: 402 Payment Required
Your enrolled account [2046188739676782592] does not have any credits to fulfill this request.
2026-06-24 20:35:37,725 | ERROR | Account Error USDA: 402 Payment Required
Your enrolled account [2046188739676782592] does not have any credits to fulfill this request.
2026-06-24 20:35:37,974 | ERROR | Account Error usda_nass: 402 Payment Required
Your enrolled account [2046188739676782592] does not have any credits to fulfill this request.
2026-06-24 20:35:38,220 | ERROR | Account Error usda_fas: 402 Payment Required
Your enrolled account [2046188739676782592] does not have any credits to fulfill this request.
2026-06-24 20:35:38,479 | ERROR | Account Error NWS: 402 Payment Required
Your enrolled account [2046188739676782592] does not have any credits to fulfill this request.
2026-06-24 20:35:38,734 | ERROR | Account Error NOAAClimate: 402 Payment Required
Your enrolled account [2046188739676782592] does not have any credits to fulfill this request.
2026-06-24 20:35:38,970 | ERROR | Account Error CMEGroup: 402 Payment Required
Your enrolled account [2046188739676782592] does not have any credits to fulfill this request.
2026-06-24 20:35:39,218 | ERROR | Account Error ReutersAg: 402 Payment Required
Your enrolled account [2046188739676782592] does not have any credits to fulfill this request.
2026-06-24 20:35:39,454 | ERROR | Account Error WalterBloomberg: 402 Payment Required
Your enrolled account [2046188739676782592] does not have any credits to fulfill this request.
2026-06-24 20:35:39,719 | ERROR | Account Error financialjuice: 402 Payment Required
Your enrolled account [2046188739676782592] does not have any credits to fulfill this request.
2026-06-24 20:35:39,983 | ERROR | Account Error Barchart: 402 Payment Required
Your enrolled account [2046188739676782592] does not have any credits to fulfill this request.
2026-06-24 20:35:40,230 | ERROR | Account Error StoneXGroup: 402 Payment Required
Your enrolled account [2046188739676782592] does not have any credits to fulfill this request.
2026-06-24 20:35:40,471 | ERROR | Account Error ADMupdates: 402 Payment Required
Your enrolled account [2046188739676782592] does not have any credits to fulfill this request.
2026-06-24 20:35:40,709 | ERROR | Account Error CHSInc: 402 Payment Required
Your enrolled account [2046188739676782592] does not have any credits to fulfill this request.
2026-06-24 20:35:40,968 | ERROR | Account Error Cargill: 402 Payment Required
Your enrolled account [2046188739676782592] does not have any credits to fulfill this request.
2026-06-24 21:00:03,948 | ERROR | Account Error kannbwx: ('Connection aborted.', RemoteDisconnected('Remote end closed connection without response'))
2026-06-24 21:00:04,780 | ERROR | Account Error SUNSEEDMAN: 402 Payment Required
Your enrolled account [2046188739676782592] does not have any credits to fulfill this request.
2026-06-24 21:00:05,016 | ERROR | Account Error mkt_intl: 402 Payment Required
Your enrolled account [2046188739676782592] does not have any credits to fulfill this request.
2026-06-24 21:00:05,266 | ERROR | Account Error FarmPolicy: 402 Payment Required
Your enrolled account [2046188739676782592] does not have any credits to fulfill this request.
2026-06-24 21:00:05,515 | ERROR | Account Error CropProphet: 402 Payment Required
Your enrolled account [2046188739676782592] does not have any credits to fulfill this request.
2026-06-24 21:00:05,774 | ERROR | Account Error USDA: 402 Payment Required
Your enrolled account [2046188739676782592] does not have any credits to fulfill this request.
2026-06-24 21:00:06,009 | ERROR | Account Error usda_nass: 402 Payment Required
Your enrolled account [2046188739676782592] does not have any credits to fulfill this request.
2026-06-24 21:00:06,256 | ERROR | Account Error usda_fas: 402 Payment Required
Your enrolled account [2046188739676782592] does not have any credits to fulfill this request.
2026-06-24 21:00:06,506 | ERROR | Account Error NWS: 402 Payment Required
Your enrolled account [2046188739676782592] does not have any credits to fulfill this request.
2026-06-24 21:00:06,744 | ERROR | Account Error NOAAClimate: 402 Payment Required
Your enrolled account [2046188739676782592] does not have any credits to fulfill this request.
2026-06-24 21:00:06,979 | ERROR | Account Error CMEGroup: 402 Payment Required
Your enrolled account [2046188739676782592] does not have any credits to fulfill this request.
2026-06-24 21:00:07,261 | ERROR | Account Error ReutersAg: 402 Payment Required
Your enrolled account [2046188739676782592] does not have any credits to fulfill this request.
2026-06-24 21:00:07,527 | ERROR | Account Error WalterBloomberg: 402 Payment Required
Your enrolled account [2046188739676782592] does not have any credits to fulfill this request.
2026-06-24 21:00:07,776 | ERROR | Account Error financialjuice: 402 Payment Required
Your enrolled account [2046188739676782592] does not have any credits to fulfill this request.
2026-06-24 21:00:08,011 | ERROR | Account Error Barchart: 402 Payment Required
Your enrolled account [2046188739676782592] does not have any credits to fulfill this request.
2026-06-24 21:00:08,261 | ERROR | Account Error StoneXGroup: 402 Payment Required
Your enrolled account [2046188739676782592] does not have any credits to fulfill this request.
2026-06-24 21:00:08,514 | ERROR | Account Error ADMupdates: 402 Payment Required
Your enrolled account [2046188739676782592] does not have any credits to fulfill this request.
2026-06-24 21:00:08,777 | ERROR | Account Error CHSInc: 402 Payment Required
Your enrolled account [2046188739676782592] does not have any credits to fulfill this request.
2026-06-24 21:00:09,011 | ERROR | Account Error Cargill: 402 Payment Required
Your enrolled account [2046188739676782592] does not have any credits to fulfill this request.
2026-06-24 21:01:09,284 | ERROR | Account Error kannbwx: 402 Payment Required
Your enrolled account [2046188739676782592] does not have any credits to fulfill this request.
2026-06-24 21:01:09,517 | ERROR | Account Error SUNSEEDMAN: 402 Payment Required
Your enrolled account [2046188739676782592] does not have any credits to fulfill this request.
2026-06-24 21:01:09,767 | ERROR | Account Error mkt_intl: 402 Payment Required
Your enrolled account [2046188739676782592] does not have any credits to fulfill this request.
2026-06-24 21:01:10,003 | ERROR | Account Error FarmPolicy: 402 Payment Required
Your enrolled account [2046188739676782592] does not have any credits to fulfill this request.
2026-06-24 21:01:10,235 | ERROR | Account Error CropProphet: 402 Payment Required
Your enrolled account [2046188739676782592] does not have any credits to fulfill this request.
2026-06-24 21:01:10,516 | ERROR | Account Error USDA: 402 Payment Required
Your enrolled account [2046188739676782592] does not have any credits to fulfill this request.
2026-06-24 21:01:10,772 | ERROR | Account Error usda_nass: 402 Payment Required
Your enrolled account [2046188739676782592] does not have any credits to fulfill this request.
2026-06-24 21:01:11,014 | ERROR | Account Error usda_fas: 402 Payment Required
Your enrolled account [2046188739676782592] does not have any credits to fulfill this request.
2026-06-24 21:01:11,265 | ERROR | Account Error NWS: 402 Payment Required
Your enrolled account [2046188739676782592] does not have any credits to fulfill this request.
2026-06-24 21:01:11,532 | ERROR | Account Error NOAAClimate: 402 Payment Required
Your enrolled account [2046188739676782592] does not have any credits to fulfill this request.
2026-06-24 21:01:11,804 | ERROR | Account Error CMEGroup: 402 Payment Required
Your enrolled account [2046188739676782592] does not have any credits to fulfill this request.
2026-06-24 21:01:12,050 | ERROR | Account Error ReutersAg: 402 Payment Required
Your enrolled account [2046188739676782592] does not have any credits to fulfill this request.
2026-06-24 21:01:12,297 | ERROR | Account Error WalterBloomberg: 402 Payment Required
Your enrolled account [2046188739676782592] does not have any credits to fulfill this request.
2026-06-24 21:01:12,541 | ERROR | Account Error financialjuice: 402 Payment Required
Your enrolled account [2046188739676782592] does not have any credits to fulfill this request.
2026-06-24 21:01:12,804 | ERROR | Account Error Barchart: 402 Payment Required
Your enrolled account [2046188739676782592] does not have any credits to fulfill this request.
2026-06-24 21:01:13,049 | ERROR | Account Error StoneXGroup: 402 Payment Required
Your enrolled account [2046188739676782592] does not have any credits to fulfill this request.
2026-06-24 21:01:13,307 | ERROR | Account Error ADMupdates: 402 Payment Required
Your enrolled account [2046188739676782592] does not have any credits to fulfill this request.
2026-06-24 21:01:13,553 | ERROR | Account Error CHSInc: 402 Payment Required
Your enrolled account [2046188739676782592] does not have any credits to fulfill this request.
2026-06-24 21:01:13,812 | ERROR | Account Error Cargill: 402 Payment Required
Your enrolled account [2046188739676782592] does not have any credits to fulfill this request.
2026-06-24 21:02:14,067 | ERROR | Account Error kannbwx: 402 Payment Required
Your enrolled account [2046188739676782592] does not have any credits to fulfill this request.
2026-06-24 21:02:14,323 | ERROR | Account Error SUNSEEDMAN: 402 Payment Required
Your enrolled account [2046188739676782592] does not have any credits to fulfill this request.
2026-06-24 21:02:14,584 | ERROR | Account Error mkt_intl: 402 Payment Required
Your enrolled account [2046188739676782592] does not have any credits to fulfill this request.
2026-06-24 21:02:14,834 | ERROR | Account Error FarmPolicy: 402 Payment Required
Your enrolled account [2046188739676782592] does not have any credits to fulfill this request.
2026-06-24 21:02:15,088 | ERROR | Account Error CropProphet: 402 Payment Required
Your enrolled account [2046188739676782592] does not have any credits to fulfill this request.
2026-06-24 21:02:15,349 | ERROR | Account Error USDA: 402 Payment Required
Your enrolled account [2046188739676782592] does not have any credits to fulfill this request.
2026-06-24 21:02:15,609 | ERROR | Account Error usda_nass: 402 Payment Required
Your enrolled account [2046188739676782592] does not have any credits to fulfill this request.
2026-06-24 21:02:15,849 | ERROR | Account Error usda_fas: 402 Payment Required
Your enrolled account [2046188739676782592] does not have any credits to fulfill this request.
2026-06-24 21:02:16,109 | ERROR | Account Error NWS: 402 Payment Required
Your enrolled account [2046188739676782592] does not have any credits to fulfill this request.
2026-06-24 21:02:16,368 | ERROR | Account Error NOAAClimate: 402 Payment Required
Your enrolled account [2046188739676782592] does not have any credits to fulfill this request.
2026-06-24 21:02:16,625 | ERROR | Account Error CMEGroup: 402 Payment Required
Your enrolled account [2046188739676782592] does not have any credits to fulfill this request.
2026-06-24 21:02:16,880 | ERROR | Account Error ReutersAg: 402 Payment Required
Your enrolled account [2046188739676782592] does not have any credits to fulfill this request.
2026-06-24 21:02:17,116 | ERROR | Account Error WalterBloomberg: 402 Payment Required
Your enrolled account [2046188739676782592] does not have any credits to fulfill this request.
2026-06-24 21:02:17,361 | ERROR | Account Error financialjuice: 402 Payment Required
Your enrolled account [2046188739676782592] does not have any credits to fulfill this request.
2026-06-24 21:02:17,616 | ERROR | Account Error Barchart: 402 Payment Required
Your enrolled account [2046188739676782592] does not have any credits to fulfill this request.
2026-06-24 21:02:17,863 | ERROR | Account Error StoneXGroup: 402 Payment Required
Your enrolled account [2046188739676782592] does not have any credits to fulfill this request.
2026-06-24 21:02:18,094 | ERROR | Account Error ADMupdates: 402 Payment Required
Your enrolled account [2046188739676782592] does not have any credits to fulfill this request.
2026-06-24 21:02:18,339 | ERROR | Account Error CHSInc: 402 Payment Required
Your enrolled account [2046188739676782592] does not have any credits to fulfill this request.
2026-06-24 21:02:18,596 | ERROR | Account Error Cargill: 402 Payment Required
Your enrolled account [2046188739676782592] does not have any credits to fulfill this request.
2026-06-24 21:03:18,977 | ERROR | Account Error kannbwx: 402 Payment Required
Your enrolled account [2046188739676782592] does not have any credits to fulfill this request.
2026-06-24 21:03:19,216 | ERROR | Account Error SUNSEEDMAN: 402 Payment Required
Your enrolled account [2046188739676782592] does not have any credits to fulfill this request.
2026-06-24 21:03:19,494 | ERROR | Account Error mkt_intl: 402 Payment Required
Your enrolled account [2046188739676782592] does not have any credits to fulfill this request.
2026-06-24 21:03:19,744 | ERROR | Account Error FarmPolicy: 402 Payment Required
Your enrolled account [2046188739676782592] does not have any credits to fulfill this request.
2026-06-24 21:03:20,010 | ERROR | Account Error CropProphet: 402 Payment Required
Your enrolled account [2046188739676782592] does not have any credits to fulfill this request.
2026-06-24 21:03:20,260 | ERROR | Account Error USDA: 402 Payment Required
Your enrolled account [2046188739676782592] does not have any credits to fulfill this request.
2026-06-24 21:03:20,515 | ERROR | Account Error usda_nass: 402 Payment Required
Your enrolled account [2046188739676782592] does not have any credits to fulfill this request.
2026-06-24 21:03:20,774 | ERROR | Account Error usda_fas: 402 Payment Required
Your enrolled account [2046188739676782592] does not have any credits to fulfill this request.
2026-06-24 21:03:21,031 | ERROR | Account Error NWS: 402 Payment Required
Your enrolled account [2046188739676782592] does not have any credits to fulfill this request.
2026-06-24 21:03:21,275 | ERROR | Account Error NOAAClimate: 402 Payment Required
Your enrolled account [2046188739676782592] does not have any credits to fulfill this request.
2026-06-24 21:03:21,533 | ERROR | Account Error CMEGroup: 402 Payment Required
Your enrolled account [2046188739676782592] does not have any credits to fulfill this request.
2026-06-24 21:03:21,776 | ERROR | Account Error ReutersAg: 402 Payment Required
Your enrolled account [2046188739676782592] does not have any credits to fulfill this request.
2026-06-24 21:03:22,027 | ERROR | Account Error WalterBloomberg: 402 Payment Required
Your enrolled account [2046188739676782592] does not have any credits to fulfill this request.
2026-06-24 21:03:22,259 | ERROR | Account Error financialjuice: 402 Payment Required
Your enrolled account [2046188739676782592] does not have any credits to fulfill this request.
2026-06-24 21:03:22,522 | ERROR | Account Error Barchart: 402 Payment Required
Your enrolled account [2046188739676782592] does not have any credits to fulfill this request.
2026-06-24 21:03:22,805 | ERROR | Account Error StoneXGroup: 402 Payment Required
Your enrolled account [2046188739676782592] does not have any credits to fulfill this request.
2026-06-24 21:03:23,067 | ERROR | Account Error ADMupdates: 402 Payment Required
Your enrolled account [2046188739676782592] does not have any credits to fulfill this request.
2026-06-24 21:03:23,323 | ERROR | Account Error CHSInc: 402 Payment Required
Your enrolled account [2046188739676782592] does not have any credits to fulfill this request.
2026-06-24 21:03:23,559 | ERROR | Account Error Cargill: 402 Payment Required
Your enrolled account [2046188739676782592] does not have any credits to fulfill this request.
2026-06-24 21:04:23,800 | ERROR | Account Error kannbwx: 402 Payment Required
Your enrolled account [2046188739676782592] does not have any credits to fulfill this request.
2026-06-24 21:04:24,050 | ERROR | Account Error SUNSEEDMAN: 402 Payment Required
Your enrolled account [2046188739676782592] does not have any credits to fulfill this request.
2026-06-24 21:04:24,297 | ERROR | Account Error mkt_intl: 402 Payment Required
Your enrolled account [2046188739676782592] does not have any credits to fulfill this request.
2026-06-24 21:04:24,566 | ERROR | Account Error FarmPolicy: 402 Payment Required
Your enrolled account [2046188739676782592] does not have any credits to fulfill this request.
2026-06-24 21:04:24,818 | ERROR | Account Error CropProphet: 402 Payment Required
Your enrolled account [2046188739676782592] does not have any credits to fulfill this request.
2026-06-24 21:04:25,062 | ERROR | Account Error USDA: 402 Payment Required
Your enrolled account [2046188739676782592] does not have any credits to fulfill this request.
2026-06-24 21:04:25,299 | ERROR | Account Error usda_nass: 402 Payment Required
Your enrolled account [2046188739676782592] does not have any credits to fulfill this request.
2026-06-24 21:04:25,558 | ERROR | Account Error usda_fas: 402 Payment Required
Your enrolled account [2046188739676782592] does not have any credits to fulfill this request.
2026-06-24 21:04:25,801 | ERROR | Account Error NWS: 402 Payment Required
Your enrolled account [2046188739676782592] does not have any credits to fulfill this request.
2026-06-24 21:04:26,055 | ERROR | Account Error NOAAClimate: 402 Payment Required
Your enrolled account [2046188739676782592] does not have any credits to fulfill this request.
2026-06-24 21:04:26,335 | ERROR | Account Error CMEGroup: 402 Payment Required
Your enrolled account [2046188739676782592] does not have any credits to fulfill this request.
2026-06-24 21:04:26,570 | ERROR | Account Error ReutersAg: 402 Payment Required
Your enrolled account [2046188739676782592] does not have any credits to fulfill this request.
2026-06-24 21:04:26,813 | ERROR | Account Error WalterBloomberg: 402 Payment Required
Your enrolled account [2046188739676782592] does not have any credits to fulfill this request.
2026-06-24 21:04:27,061 | ERROR | Account Error financialjuice: 402 Payment Required
Your enrolled account [2046188739676782592] does not have any credits to fulfill this request.
2026-06-24 21:04:27,318 | ERROR | Account Error Barchart: 402 Payment Required
Your enrolled account [2046188739676782592] does not have any credits to fulfill this request.
2026-06-24 21:04:27,594 | ERROR | Account Error StoneXGroup: 402 Payment Required
Your enrolled account [2046188739676782592] does not have any credits to fulfill this request.
2026-06-24 21:04:27,835 | ERROR | Account Error ADMupdates: 402 Payment Required
Your enrolled account [2046188739676782592] does not have any credits to fulfill this request.
2026-06-24 21:04:28,114 | ERROR | Account Error CHSInc: 402 Payment Required
Your enrolled account [2046188739676782592] does not have any credits to fulfill this request.
2026-06-24 21:04:28,351 | ERROR | Account Error Cargill: 402 Payment Required
Your enrolled account [2046188739676782592] does not have any credits to fulfill this request.
2026-06-24 21:05:28,608 | ERROR | Account Error kannbwx: 402 Payment Required
Your enrolled account [2046188739676782592] does not have any credits to fulfill this request.
2026-06-24 21:05:28,858 | ERROR | Account Error SUNSEEDMAN: 402 Payment Required
Your enrolled account [2046188739676782592] does not have any credits to fulfill this request.
2026-06-24 21:05:29,108 | ERROR | Account Error mkt_intl: 402 Payment Required
Your enrolled account [2046188739676782592] does not have any credits to fulfill this request.
2026-06-24 21:05:29,357 | ERROR | Account Error FarmPolicy: 402 Payment Required
Your enrolled account [2046188739676782592] does not have any credits to fulfill this request.
2026-06-24 21:05:29,592 | ERROR | Account Error CropProphet: 402 Payment Required
Your enrolled account [2046188739676782592] does not have any credits to fulfill this request.
2026-06-24 21:05:29,842 | ERROR | Account Error USDA: 402 Payment Required
Your enrolled account [2046188739676782592] does not have any credits to fulfill this request.
2026-06-24 21:05:30,092 | ERROR | Account Error usda_nass: 402 Payment Required
Your enrolled account [2046188739676782592] does not have any credits to fulfill this request.
2026-06-24 21:05:30,342 | ERROR | Account Error usda_fas: 402 Payment Required
Your enrolled account [2046188739676782592] does not have any credits to fulfill this request.
2026-06-24 21:05:30,576 | ERROR | Account Error NWS: 402 Payment Required
Your enrolled account [2046188739676782592] does not have any credits to fulfill this request.
2026-06-24 21:05:30,827 | ERROR | Account Error NOAAClimate: 402 Payment Required
Your enrolled account [2046188739676782592] does not have any credits to fulfill this request.
2026-06-24 21:05:31,093 | ERROR | Account Error CMEGroup: 402 Payment Required
Your enrolled account [2046188739676782592] does not have any credits to fulfill this request.
2026-06-24 21:05:31,343 | ERROR | Account Error ReutersAg: 402 Payment Required
Your enrolled account [2046188739676782592] does not have any credits to fulfill this request.
2026-06-24 21:05:31,577 | ERROR | Account Error WalterBloomberg: 402 Payment Required
Your enrolled account [2046188739676782592] does not have any credits to fulfill this request.
2026-06-24 21:05:31,858 | ERROR | Account Error financialjuice: 402 Payment Required
Your enrolled account [2046188739676782592] does not have any credits to fulfill this request.
2026-06-24 21:05:32,108 | ERROR | Account Error Barchart: 402 Payment Required
Your enrolled account [2046188739676782592] does not have any credits to fulfill this request.
2026-06-24 21:05:32,377 | ERROR | Account Error StoneXGroup: 402 Payment Required
Your enrolled account [2046188739676782592] does not have any credits to fulfill this request.
2026-06-24 21:05:32,627 | ERROR | Account Error ADMupdates: 402 Payment Required
Your enrolled account [2046188739676782592] does not have any credits to fulfill this request.
2026-06-24 21:05:32,893 | ERROR | Account Error CHSInc: 402 Payment Required
Your enrolled account [2046188739676782592] does not have any credits to fulfill this request.
2026-06-24 21:05:33,159 | ERROR | Account Error Cargill: 402 Payment Required
Your enrolled account [2046188739676782592] does not have any credits to fulfill this request.
2026-06-24 21:06:33,432 | ERROR | Account Error kannbwx: 402 Payment Required
Your enrolled account [2046188739676782592] does not have any credits to fulfill this request.
2026-06-24 21:06:33,681 | ERROR | Account Error SUNSEEDMAN: 402 Payment Required
Your enrolled account [2046188739676782592] does not have any credits to fulfill this request.
2026-06-24 21:06:33,947 | ERROR | Account Error mkt_intl: 402 Payment Required
Your enrolled account [2046188739676782592] does not have any credits to fulfill this request.
2026-06-24 21:06:34,203 | ERROR | Account Error FarmPolicy: 402 Payment Required
Your enrolled account [2046188739676782592] does not have any credits to fulfill this request.
2026-06-24 21:06:34,438 | ERROR | Account Error CropProphet: 402 Payment Required
Your enrolled account [2046188739676782592] does not have any credits to fulfill this request.
2026-06-24 21:06:34,688 | ERROR | Account Error USDA: 402 Payment Required
Your enrolled account [2046188739676782592] does not have any credits to fulfill this request.
2026-06-24 21:06:34,939 | ERROR | Account Error usda_nass: 402 Payment Required
Your enrolled account [2046188739676782592] does not have any credits to fulfill this request.
2026-06-24 21:06:35,186 | ERROR | Account Error usda_fas: 402 Payment Required
Your enrolled account [2046188739676782592] does not have any credits to fulfill this request.
2026-06-24 21:06:35,436 | ERROR | Account Error NWS: 402 Payment Required
Your enrolled account [2046188739676782592] does not have any credits to fulfill this request.
2026-06-24 21:06:35,702 | ERROR | Account Error NOAAClimate: 402 Payment Required
Your enrolled account [2046188739676782592] does not have any credits to fulfill this request.
2026-06-24 21:06:35,966 | ERROR | Account Error CMEGroup: 402 Payment Required
Your enrolled account [2046188739676782592] does not have any credits to fulfill this request.
2026-06-24 21:06:36,221 | ERROR | Account Error ReutersAg: 402 Payment Required
Your enrolled account [2046188739676782592] does not have any credits to fulfill this request.
2026-06-24 21:06:36,472 | ERROR | Account Error WalterBloomberg: 402 Payment Required
Your enrolled account [2046188739676782592] does not have any credits to fulfill this request.
2026-06-24 21:06:36,850 | ERROR | Account Error financialjuice: 402 Payment Required
Your enrolled account [2046188739676782592] does not have any credits to fulfill this request.
2026-06-24 21:06:37,133 | ERROR | Account Error Barchart: 402 Payment Required
Your enrolled account [2046188739676782592] does not have any credits to fulfill this request.
2026-06-24 21:06:37,399 | ERROR | Account Error StoneXGroup: 402 Payment Required
Your enrolled account [2046188739676782592] does not have any credits to fulfill this request.
2026-06-24 21:06:37,664 | ERROR | Account Error ADMupdates: 402 Payment Required
Your enrolled account [2046188739676782592] does not have any credits to fulfill this request.
2026-06-24 21:06:37,928 | ERROR | Account Error CHSInc: 402 Payment Required
Your enrolled account [2046188739676782592] does not have any credits to fulfill this request.
2026-06-24 21:06:38,185 | ERROR | Account Error Cargill: 402 Payment Required
Your enrolled account [2046188739676782592] does not have any credits to fulfill this request.
2026-06-24 21:07:22,710 | ERROR | Account Error kannbwx: 402 Payment Required
Your enrolled account [2046188739676782592] does not have any credits to fulfill this request.
2026-06-24 21:07:22,955 | ERROR | Account Error SUNSEEDMAN: 402 Payment Required
Your enrolled account [2046188739676782592] does not have any credits to fulfill this request.
2026-06-24 21:07:23,201 | ERROR | Account Error mkt_intl: 402 Payment Required
Your enrolled account [2046188739676782592] does not have any credits to fulfill this request.
2026-06-24 21:07:23,473 | ERROR | Account Error FarmPolicy: 402 Payment Required
Your enrolled account [2046188739676782592] does not have any credits to fulfill this request.
2026-06-24 21:07:23,723 | ERROR | Account Error CropProphet: 402 Payment Required
Your enrolled account [2046188739676782592] does not have any credits to fulfill this request.
2026-06-24 21:07:23,975 | ERROR | Account Error USDA: 402 Payment Required
Your enrolled account [2046188739676782592] does not have any credits to fulfill this request.
2026-06-24 21:07:24,217 | ERROR | Account Error usda_nass: 402 Payment Required
Your enrolled account [2046188739676782592] does not have any credits to fulfill this request.
2026-06-24 21:07:24,502 | ERROR | Account Error usda_fas: 402 Payment Required
Your enrolled account [2046188739676782592] does not have any credits to fulfill this request.
2026-06-24 21:07:24,756 | ERROR | Account Error NWS: 402 Payment Required
Your enrolled account [2046188739676782592] does not have any credits to fulfill this request.
2026-06-24 21:07:25,009 | ERROR | Account Error NOAAClimate: 402 Payment Required
Your enrolled account [2046188739676782592] does not have any credits to fulfill this request.
2026-06-24 21:07:25,258 | ERROR | Account Error CMEGroup: 402 Payment Required
Your enrolled account [2046188739676782592] does not have any credits to fulfill this request.
2026-06-24 21:07:25,508 | ERROR | Account Error ReutersAg: 402 Payment Required
Your enrolled account [2046188739676782592] does not have any credits to fulfill this request.
2026-06-24 21:07:25,800 | ERROR | Account Error WalterBloomberg: 402 Payment Required
Your enrolled account [2046188739676782592] does not have any credits to fulfill this request.
2026-06-24 21:07:26,056 | ERROR | Account Error financialjuice: 402 Payment Required
Your enrolled account [2046188739676782592] does not have any credits to fulfill this request.
2026-06-24 21:07:26,311 | ERROR | Account Error Barchart: 402 Payment Required
Your enrolled account [2046188739676782592] does not have any credits to fulfill this request.
2026-06-24 21:07:26,562 | ERROR | Account Error StoneXGroup: 402 Payment Required
Your enrolled account [2046188739676782592] does not have any credits to fulfill this request.
2026-06-24 21:07:26,812 | ERROR | Account Error ADMupdates: 402 Payment Required
Your enrolled account [2046188739676782592] does not have any credits to fulfill this request.
2026-06-24 21:07:27,057 | ERROR | Account Error CHSInc: 402 Payment Required
Your enrolled account [2046188739676782592] does not have any credits to fulfill this request.
2026-06-24 21:07:27,337 | ERROR | Account Error Cargill: 402 Payment Required
Your enrolled account [2046188739676782592] does not have any credits to fulfill this request.
2026-06-24 21:11:37,537 | WARNING | Rate limit exceeded. Sleeping for 209 seconds.
2026-06-24 21:12:21,027 | WARNING | Rate limit exceeded. Sleeping for 165 seconds.
2026-06-24 21:14:05,127 | WARNING | Rate limit exceeded. Sleeping for 61 seconds.
2026-06-24 21:15:06,377 | ERROR | Account Error kannbwx: 402 Payment Required
Your enrolled account [2046188739676782592] does not have any credits to fulfill this request.
2026-06-24 21:15:06,639 | ERROR | Account Error SUNSEEDMAN: 402 Payment Required
Your enrolled account [2046188739676782592] does not have any credits to fulfill this request.
2026-06-24 21:15:06,896 | ERROR | Account Error mkt_intl: 402 Payment Required
Your enrolled account [2046188739676782592] does not have any credits to fulfill this request.
2026-06-24 21:15:07,144 | ERROR | Account Error FarmPolicy: 402 Payment Required
Your enrolled account [2046188739676782592] does not have any credits to fulfill this request.
2026-06-24 21:15:07,409 | ERROR | Account Error CropProphet: 402 Payment Required
Your enrolled account [2046188739676782592] does not have any credits to fulfill this request.
2026-06-24 21:15:07,673 | ERROR | Account Error USDA: 402 Payment Required
Your enrolled account [2046188739676782592] does not have any credits to fulfill this request.
2026-06-24 21:15:07,943 | ERROR | Account Error usda_nass: 402 Payment Required
Your enrolled account [2046188739676782592] does not have any credits to fulfill this request.
2026-06-24 21:15:08,191 | ERROR | Account Error usda_fas: 402 Payment Required
Your enrolled account [2046188739676782592] does not have any credits to fulfill this request.
2026-06-24 21:15:08,454 | ERROR | Account Error NWS: 402 Payment Required
Your enrolled account [2046188739676782592] does not have any credits to fulfill this request.
2026-06-24 21:15:08,723 | ERROR | Account Error NOAAClimate: 402 Payment Required
Your enrolled account [2046188739676782592] does not have any credits to fulfill this request.
2026-06-24 21:15:08,960 | ERROR | Account Error CMEGroup: 402 Payment Required
Your enrolled account [2046188739676782592] does not have any credits to fulfill this request.
2026-06-24 21:15:09,210 | ERROR | Account Error ReutersAg: 402 Payment Required
Your enrolled account [2046188739676782592] does not have any credits to fulfill this request.
2026-06-24 21:15:09,499 | ERROR | Account Error WalterBloomberg: 402 Payment Required
Your enrolled account [2046188739676782592] does not have any credits to fulfill this request.
2026-06-24 21:15:09,742 | ERROR | Account Error financialjuice: 402 Payment Required
Your enrolled account [2046188739676782592] does not have any credits to fulfill this request.
2026-06-24 21:15:09,993 | ERROR | Account Error Barchart: 402 Payment Required
Your enrolled account [2046188739676782592] does not have any credits to fulfill this request.
2026-06-24 21:15:10,260 | ERROR | Account Error StoneXGroup: 402 Payment Required
Your enrolled account [2046188739676782592] does not have any credits to fulfill this request.
2026-06-24 21:15:10,629 | ERROR | Account Error ADMupdates: 402 Payment Required
Your enrolled account [2046188739676782592] does not have any credits to fulfill this request.
2026-06-24 21:15:10,896 | ERROR | Account Error CHSInc: 402 Payment Required
Your enrolled account [2046188739676782592] does not have any credits to fulfill this request.
2026-06-24 21:15:11,135 | ERROR | Account Error Cargill: 402 Payment Required
Your enrolled account [2046188739676782592] does not have any credits to fulfill this request.
2026-06-24 21:15:26,418 | ERROR | Account Error kannbwx: 402 Payment Required
Your enrolled account [2046188739676782592] does not have any credits to fulfill this request.
2026-06-24 21:15:26,690 | ERROR | Account Error SUNSEEDMAN: 402 Payment Required
Your enrolled account [2046188739676782592] does not have any credits to fulfill this request.
2026-06-24 21:15:26,935 | ERROR | Account Error mkt_intl: 402 Payment Required
Your enrolled account [2046188739676782592] does not have any credits to fulfill this request.
2026-06-24 21:15:27,188 | ERROR | Account Error FarmPolicy: 402 Payment Required
Your enrolled account [2046188739676782592] does not have any credits to fulfill this request.
2026-06-24 21:15:27,462 | ERROR | Account Error CropProphet: 402 Payment Required
Your enrolled account [2046188739676782592] does not have any credits to fulfill this request.
2026-06-24 21:15:27,721 | ERROR | Account Error USDA: 402 Payment Required
Your enrolled account [2046188739676782592] does not have any credits to fulfill this request.
2026-06-24 21:15:27,991 | ERROR | Account Error usda_nass: 402 Payment Required
Your enrolled account [2046188739676782592] does not have any credits to fulfill this request.
2026-06-24 21:15:28,281 | ERROR | Account Error usda_fas: 402 Payment Required
Your enrolled account [2046188739676782592] does not have any credits to fulfill this request.
2026-06-24 21:15:28,534 | ERROR | Account Error NWS: 402 Payment Required
Your enrolled account [2046188739676782592] does not have any credits to fulfill this request.
2026-06-24 21:15:28,783 | ERROR | Account Error NOAAClimate: 402 Payment Required
Your enrolled account [2046188739676782592] does not have any credits to fulfill this request.
2026-06-24 21:15:29,048 | ERROR | Account Error CMEGroup: 402 Payment Required
Your enrolled account [2046188739676782592] does not have any credits to fulfill this request.
2026-06-24 21:15:29,305 | ERROR | Account Error ReutersAg: 402 Payment Required
Your enrolled account [2046188739676782592] does not have any credits to fulfill this request.
2026-06-24 21:15:29,562 | ERROR | Account Error WalterBloomberg: 402 Payment Required
Your enrolled account [2046188739676782592] does not have any credits to fulfill this request.
2026-06-24 21:15:29,803 | ERROR | Account Error financialjuice: 402 Payment Required
Your enrolled account [2046188739676782592] does not have any credits to fulfill this request.
2026-06-24 21:15:30,064 | ERROR | Account Error Barchart: 402 Payment Required
Your enrolled account [2046188739676782592] does not have any credits to fulfill this request.
2026-06-24 21:15:30,312 | ERROR | Account Error StoneXGroup: 402 Payment Required
Your enrolled account [2046188739676782592] does not have any credits to fulfill this request.
2026-06-24 21:15:30,580 | ERROR | Account Error ADMupdates: 402 Payment Required
Your enrolled account [2046188739676782592] does not have any credits to fulfill this request.
2026-06-24 21:15:30,829 | ERROR | Account Error CHSInc: 402 Payment Required
Your enrolled account [2046188739676782592] does not have any credits to fulfill this request.
2026-06-24 21:15:31,096 | ERROR | Account Error Cargill: 402 Payment Required
Your enrolled account [2046188739676782592] does not have any credits to fulfill this request.
2026-06-24 21:15:46,347 | ERROR | Account Error kannbwx: 402 Payment Required
Your enrolled account [2046188739676782592] does not have any credits to fulfill this request.
2026-06-24 21:15:46,592 | ERROR | Account Error SUNSEEDMAN: 402 Payment Required
Your enrolled account [2046188739676782592] does not have any credits to fulfill this request.
2026-06-24 21:15:46,838 | ERROR | Account Error mkt_intl: 402 Payment Required
Your enrolled account [2046188739676782592] does not have any credits to fulfill this request.
2026-06-24 21:15:47,087 | ERROR | Account Error FarmPolicy: 402 Payment Required
Your enrolled account [2046188739676782592] does not have any credits to fulfill this request.
2026-06-24 21:15:47,340 | ERROR | Account Error CropProphet: 402 Payment Required
Your enrolled account [2046188739676782592] does not have any credits to fulfill this request.
2026-06-24 21:15:47,721 | ERROR | Account Error USDA: 402 Payment Required
Your enrolled account [2046188739676782592] does not have any credits to fulfill this request.
2026-06-24 21:15:47,978 | ERROR | Account Error usda_nass: 402 Payment Required
Your enrolled account [2046188739676782592] does not have any credits to fulfill this request.
2026-06-24 21:15:48,224 | ERROR | Account Error usda_fas: 402 Payment Required
Your enrolled account [2046188739676782592] does not have any credits to fulfill this request.
2026-06-24 21:15:48,465 | ERROR | Account Error NWS: 402 Payment Required
Your enrolled account [2046188739676782592] does not have any credits to fulfill this request.
2026-06-24 21:15:48,732 | ERROR | Account Error NOAAClimate: 402 Payment Required
Your enrolled account [2046188739676782592] does not have any credits to fulfill this request.
2026-06-24 21:15:48,998 | ERROR | Account Error CMEGroup: 402 Payment Required
Your enrolled account [2046188739676782592] does not have any credits to fulfill this request.
2026-06-24 21:15:49,241 | ERROR | Account Error ReutersAg: 402 Payment Required
Your enrolled account [2046188739676782592] does not have any credits to fulfill this request.
2026-06-24 21:15:49,478 | ERROR | Account Error WalterBloomberg: 402 Payment Required
Your enrolled account [2046188739676782592] does not have any credits to fulfill this request.
2026-06-24 21:15:49,722 | ERROR | Account Error financialjuice: 402 Payment Required
Your enrolled account [2046188739676782592] does not have any credits to fulfill this request.
2026-06-24 21:15:49,987 | ERROR | Account Error Barchart: 402 Payment Required
Your enrolled account [2046188739676782592] does not have any credits to fulfill this request.
2026-06-24 21:15:50,238 | ERROR | Account Error StoneXGroup: 402 Payment Required
Your enrolled account [2046188739676782592] does not have any credits to fulfill this request.
2026-06-24 21:15:50,504 | ERROR | Account Error ADMupdates: 402 Payment Required
Your enrolled account [2046188739676782592] does not have any credits to fulfill this request.
2026-06-24 21:15:50,763 | ERROR | Account Error CHSInc: 402 Payment Required
Your enrolled account [2046188739676782592] does not have any credits to fulfill this request.
2026-06-24 21:15:51,023 | ERROR | Account Error Cargill: 402 Payment Required
Your enrolled account [2046188739676782592] does not have any credits to fulfill this request.
2026-06-24 21:16:06,284 | ERROR | Account Error kannbwx: 402 Payment Required
Your enrolled account [2046188739676782592] does not have any credits to fulfill this request.
2026-06-24 21:16:06,524 | ERROR | Account Error SUNSEEDMAN: 402 Payment Required
Your enrolled account [2046188739676782592] does not have any credits to fulfill this request.
2026-06-24 21:16:06,774 | ERROR | Account Error mkt_intl: 402 Payment Required
Your enrolled account [2046188739676782592] does not have any credits to fulfill this request.
2026-06-24 21:16:07,114 | ERROR | Account Error FarmPolicy: 402 Payment Required
Your enrolled account [2046188739676782592] does not have any credits to fulfill this request.
2026-06-24 21:16:07,375 | ERROR | Account Error CropProphet: 402 Payment Required
Your enrolled account [2046188739676782592] does not have any credits to fulfill this request.
2026-06-24 21:16:07,636 | ERROR | Account Error USDA: 402 Payment Required
Your enrolled account [2046188739676782592] does not have any credits to fulfill this request.
2026-06-24 21:16:07,902 | ERROR | Account Error usda_nass: 402 Payment Required
Your enrolled account [2046188739676782592] does not have any credits to fulfill this request.
2026-06-24 21:16:08,168 | ERROR | Account Error usda_fas: 402 Payment Required
Your enrolled account [2046188739676782592] does not have any credits to fulfill this request.
2026-06-24 21:16:08,425 | ERROR | Account Error NWS: 402 Payment Required
Your enrolled account [2046188739676782592] does not have any credits to fulfill this request.
2026-06-24 21:16:08,694 | ERROR | Account Error NOAAClimate: 402 Payment Required
Your enrolled account [2046188739676782592] does not have any credits to fulfill this request.
2026-06-24 21:16:08,941 | ERROR | Account Error CMEGroup: 402 Payment Required
Your enrolled account [2046188739676782592] does not have any credits to fulfill this request.
2026-06-24 21:16:09,189 | ERROR | Account Error ReutersAg: 402 Payment Required
Your enrolled account [2046188739676782592] does not have any credits to fulfill this request.
2026-06-24 21:16:09,447 | ERROR | Account Error WalterBloomberg: 402 Payment Required
Your enrolled account [2046188739676782592] does not have any credits to fulfill this request.
2026-06-24 21:16:09,701 | ERROR | Account Error financialjuice: 402 Payment Required
Your enrolled account [2046188739676782592] does not have any credits to fulfill this request.
2026-06-24 21:16:09,947 | ERROR | Account Error Barchart: 402 Payment Required
Your enrolled account [2046188739676782592] does not have any credits to fulfill this request.
2026-06-24 21:16:10,181 | ERROR | Account Error StoneXGroup: 402 Payment Required
Your enrolled account [2046188739676782592] does not have any credits to fulfill this request.
2026-06-24 21:16:10,433 | ERROR | Account Error ADMupdates: 402 Payment Required
Your enrolled account [2046188739676782592] does not have any credits to fulfill this request.
2026-06-24 21:16:10,704 | ERROR | Account Error CHSInc: 402 Payment Required
Your enrolled account [2046188739676782592] does not have any credits to fulfill this request.
2026-06-24 21:16:10,941 | ERROR | Account Error Cargill: 402 Payment Required
Your enrolled account [2046188739676782592] does not have any credits to fulfill this request.
2026-06-24 21:16:26,195 | ERROR | Account Error kannbwx: 402 Payment Required
Your enrolled account [2046188739676782592] does not have any credits to fulfill this request.
2026-06-24 21:16:26,434 | ERROR | Account Error SUNSEEDMAN: 402 Payment Required
Your enrolled account [2046188739676782592] does not have any credits to fulfill this request.
2026-06-24 21:16:26,668 | ERROR | Account Error mkt_intl: 402 Payment Required
Your enrolled account [2046188739676782592] does not have any credits to fulfill this request.
2026-06-24 21:16:27,026 | ERROR | Account Error FarmPolicy: 402 Payment Required
Your enrolled account [2046188739676782592] does not have any credits to fulfill this request.
2026-06-24 21:16:27,290 | ERROR | Account Error CropProphet: 402 Payment Required
Your enrolled account [2046188739676782592] does not have any credits to fulfill this request.
2026-06-24 21:16:27,534 | ERROR | Account Error USDA: 402 Payment Required
Your enrolled account [2046188739676782592] does not have any credits to fulfill this request.
2026-06-24 21:16:27,809 | ERROR | Account Error usda_nass: 402 Payment Required
Your enrolled account [2046188739676782592] does not have any credits to fulfill this request.
2026-06-24 21:16:28,082 | ERROR | Account Error usda_fas: 402 Payment Required
Your enrolled account [2046188739676782592] does not have any credits to fulfill this request.
2026-06-24 21:16:28,343 | ERROR | Account Error NWS: 402 Payment Required
Your enrolled account [2046188739676782592] does not have any credits to fulfill this request.
2026-06-24 21:16:28,598 | ERROR | Account Error NOAAClimate: 402 Payment Required
Your enrolled account [2046188739676782592] does not have any credits to fulfill this request.
2026-06-24 21:16:28,851 | ERROR | Account Error CMEGroup: 402 Payment Required
Your enrolled account [2046188739676782592] does not have any credits to fulfill this request.
2026-06-24 21:16:29,082 | ERROR | Account Error ReutersAg: 402 Payment Required
Your enrolled account [2046188739676782592] does not have any credits to fulfill this request.
2026-06-24 21:16:29,343 | ERROR | Account Error WalterBloomberg: 402 Payment Required
Your enrolled account [2046188739676782592] does not have any credits to fulfill this request.
2026-06-24 21:16:29,598 | ERROR | Account Error financialjuice: 402 Payment Required
Your enrolled account [2046188739676782592] does not have any credits to fulfill this request.
2026-06-24 21:16:29,863 | ERROR | Account Error Barchart: 402 Payment Required
Your enrolled account [2046188739676782592] does not have any credits to fulfill this request.
2026-06-24 21:16:30,113 | ERROR | Account Error StoneXGroup: 402 Payment Required
Your enrolled account [2046188739676782592] does not have any credits to fulfill this request.
2026-06-24 21:16:30,363 | ERROR | Account Error ADMupdates: 402 Payment Required
Your enrolled account [2046188739676782592] does not have any credits to fulfill this request.
2026-06-24 21:16:30,616 | ERROR | Account Error CHSInc: 402 Payment Required
Your enrolled account [2046188739676782592] does not have any credits to fulfill this request.
2026-06-24 21:16:30,859 | ERROR | Account Error Cargill: 402 Payment Required
Your enrolled account [2046188739676782592] does not have any credits to fulfill this request.
2026-06-24 21:16:46,125 | ERROR | Account Error kannbwx: 402 Payment Required
Your enrolled account [2046188739676782592] does not have any credits to fulfill this request.
2026-06-24 21:16:46,377 | ERROR | Account Error SUNSEEDMAN: 402 Payment Required
Your enrolled account [2046188739676782592] does not have any credits to fulfill this request.
2026-06-24 21:16:46,625 | ERROR | Account Error mkt_intl: 402 Payment Required
Your enrolled account [2046188739676782592] does not have any credits to fulfill this request.
2026-06-24 21:16:46,874 | ERROR | Account Error FarmPolicy: 402 Payment Required
Your enrolled account [2046188739676782592] does not have any credits to fulfill this request.
2026-06-24 21:16:47,122 | ERROR | Account Error CropProphet: 402 Payment Required
Your enrolled account [2046188739676782592] does not have any credits to fulfill this request.
2026-06-24 21:16:47,391 | ERROR | Account Error USDA: 402 Payment Required
Your enrolled account [2046188739676782592] does not have any credits to fulfill this request.
2026-06-24 21:16:47,650 | ERROR | Account Error usda_nass: 402 Payment Required
Your enrolled account [2046188739676782592] does not have any credits to fulfill this request.
2026-06-24 21:16:47,909 | ERROR | Account Error usda_fas: 402 Payment Required
Your enrolled account [2046188739676782592] does not have any credits to fulfill this request.
2026-06-24 21:16:48,171 | ERROR | Account Error NWS: 402 Payment Required
Your enrolled account [2046188739676782592] does not have any credits to fulfill this request.
2026-06-24 21:16:48,442 | ERROR | Account Error NOAAClimate: 402 Payment Required
Your enrolled account [2046188739676782592] does not have any credits to fulfill this request.
2026-06-24 21:16:48,710 | ERROR | Account Error CMEGroup: 402 Payment Required
Your enrolled account [2046188739676782592] does not have any credits to fulfill this request.
2026-06-24 21:16:48,975 | ERROR | Account Error ReutersAg: 402 Payment Required
Your enrolled account [2046188739676782592] does not have any credits to fulfill this request.
2026-06-24 21:16:49,224 | ERROR | Account Error WalterBloomberg: 402 Payment Required
Your enrolled account [2046188739676782592] does not have any credits to fulfill this request.
2026-06-24 21:16:49,482 | ERROR | Account Error financialjuice: 402 Payment Required
Your enrolled account [2046188739676782592] does not have any credits to fulfill this request.
2026-06-24 21:16:49,758 | ERROR | Account Error Barchart: 402 Payment Required
Your enrolled account [2046188739676782592] does not have any credits to fulfill this request.
2026-06-24 21:16:50,005 | ERROR | Account Error StoneXGroup: 402 Payment Required
Your enrolled account [2046188739676782592] does not have any credits to fulfill this request.
2026-06-24 21:16:50,273 | ERROR | Account Error ADMupdates: 402 Payment Required
Your enrolled account [2046188739676782592] does not have any credits to fulfill this request.
2026-06-24 21:16:50,517 | ERROR | Account Error CHSInc: 402 Payment Required
Your enrolled account [2046188739676782592] does not have any credits to fulfill this request.
2026-06-24 21:16:50,756 | ERROR | Account Error Cargill: 402 Payment Required
Your enrolled account [2046188739676782592] does not have any credits to fulfill this request.
2026-06-24 21:17:06,013 | ERROR | Account Error kannbwx: 402 Payment Required
Your enrolled account [2046188739676782592] does not have any credits to fulfill this request.
2026-06-24 21:17:06,256 | ERROR | Account Error SUNSEEDMAN: 402 Payment Required
Your enrolled account [2046188739676782592] does not have any credits to fulfill this request.
2026-06-24 21:17:06,510 | ERROR | Account Error mkt_intl: 402 Payment Required
Your enrolled account [2046188739676782592] does not have any credits to fulfill this request.
2026-06-24 21:17:06,775 | ERROR | Account Error FarmPolicy: 402 Payment Required
Your enrolled account [2046188739676782592] does not have any credits to fulfill this request.
2026-06-24 21:17:07,015 | ERROR | Account Error CropProphet: 402 Payment Required
Your enrolled account [2046188739676782592] does not have any credits to fulfill this request.
2026-06-24 21:17:07,289 | ERROR | Account Error USDA: 402 Payment Required
Your enrolled account [2046188739676782592] does not have any credits to fulfill this request.
2026-06-24 21:17:07,548 | ERROR | Account Error usda_nass: 402 Payment Required
Your enrolled account [2046188739676782592] does not have any credits to fulfill this request.
2026-06-24 21:17:07,793 | ERROR | Account Error usda_fas: 402 Payment Required
Your enrolled account [2046188739676782592] does not have any credits to fulfill this request.
2026-06-24 21:17:08,050 | ERROR | Account Error NWS: 402 Payment Required
Your enrolled account [2046188739676782592] does not have any credits to fulfill this request.
2026-06-24 21:17:08,305 | ERROR | Account Error NOAAClimate: 402 Payment Required
Your enrolled account [2046188739676782592] does not have any credits to fulfill this request.
2026-06-24 21:17:08,545 | ERROR | Account Error CMEGroup: 402 Payment Required
Your enrolled account [2046188739676782592] does not have any credits to fulfill this request.
2026-06-24 21:17:08,789 | ERROR | Account Error ReutersAg: 402 Payment Required
Your enrolled account [2046188739676782592] does not have any credits to fulfill this request.
2026-06-24 21:17:09,039 | ERROR | Account Error WalterBloomberg: 402 Payment Required
Your enrolled account [2046188739676782592] does not have any credits to fulfill this request.
2026-06-24 21:17:09,308 | ERROR | Account Error financialjuice: 402 Payment Required
Your enrolled account [2046188739676782592] does not have any credits to fulfill this request.
2026-06-24 21:17:09,556 | ERROR | Account Error Barchart: 402 Payment Required
Your enrolled account [2046188739676782592] does not have any credits to fulfill this request.
2026-06-24 21:17:09,825 | ERROR | Account Error StoneXGroup: 402 Payment Required
Your enrolled account [2046188739676782592] does not have any credits to fulfill this request.
2026-06-24 21:17:10,071 | ERROR | Account Error ADMupdates: 402 Payment Required
Your enrolled account [2046188739676782592] does not have any credits to fulfill this request.
2026-06-24 21:17:10,307 | ERROR | Account Error CHSInc: 402 Payment Required
Your enrolled account [2046188739676782592] does not have any credits to fulfill this request.
2026-06-24 21:17:10,573 | ERROR | Account Error Cargill: 402 Payment Required
Your enrolled account [2046188739676782592] does not have any credits to fulfill this request.
2026-06-24 21:17:25,824 | ERROR | Account Error kannbwx: 402 Payment Required
Your enrolled account [2046188739676782592] does not have any credits to fulfill this request.
2026-06-24 21:17:26,087 | ERROR | Account Error SUNSEEDMAN: 402 Payment Required
Your enrolled account [2046188739676782592] does not have any credits to fulfill this request.
2026-06-24 21:17:26,333 | ERROR | Account Error mkt_intl: 402 Payment Required
Your enrolled account [2046188739676782592] does not have any credits to fulfill this request.
2026-06-24 21:17:26,579 | ERROR | Account Error FarmPolicy: 402 Payment Required
Your enrolled account [2046188739676782592] does not have any credits to fulfill this request.
2026-06-24 21:17:26,840 | ERROR | Account Error CropProphet: 402 Payment Required
Your enrolled account [2046188739676782592] does not have any credits to fulfill this request.
2026-06-24 21:17:27,127 | ERROR | Account Error USDA: 402 Payment Required
Your enrolled account [2046188739676782592] does not have any credits to fulfill this request.
2026-06-24 21:17:27,374 | ERROR | Account Error usda_nass: 402 Payment Required
Your enrolled account [2046188739676782592] does not have any credits to fulfill this request.
2026-06-24 21:17:27,617 | ERROR | Account Error usda_fas: 402 Payment Required
Your enrolled account [2046188739676782592] does not have any credits to fulfill this request.
2026-06-24 21:17:27,875 | ERROR | Account Error NWS: 402 Payment Required
Your enrolled account [2046188739676782592] does not have any credits to fulfill this request.
2026-06-24 21:17:28,125 | ERROR | Account Error NOAAClimate: 402 Payment Required
Your enrolled account [2046188739676782592] does not have any credits to fulfill this request.
2026-06-24 21:17:28,372 | ERROR | Account Error CMEGroup: 402 Payment Required
Your enrolled account [2046188739676782592] does not have any credits to fulfill this request.
2026-06-24 21:17:28,624 | ERROR | Account Error ReutersAg: 402 Payment Required
Your enrolled account [2046188739676782592] does not have any credits to fulfill this request.
2026-06-24 21:17:28,874 | ERROR | Account Error WalterBloomberg: 402 Payment Required
Your enrolled account [2046188739676782592] does not have any credits to fulfill this request.
2026-06-24 21:17:29,128 | ERROR | Account Error financialjuice: 402 Payment Required
Your enrolled account [2046188739676782592] does not have any credits to fulfill this request.
2026-06-24 21:17:29,370 | ERROR | Account Error Barchart: 402 Payment Required
Your enrolled account [2046188739676782592] does not have any credits to fulfill this request.
2026-06-24 21:17:29,635 | ERROR | Account Error StoneXGroup: 402 Payment Required
Your enrolled account [2046188739676782592] does not have any credits to fulfill this request.
2026-06-24 21:17:29,888 | ERROR | Account Error ADMupdates: 402 Payment Required
Your enrolled account [2046188739676782592] does not have any credits to fulfill this request.
2026-06-24 21:17:30,125 | WARNING | Rate limit exceeded. Sleeping for 758 seconds.
2026-06-24 21:30:08,921 | ERROR | Account Error CHSInc: 402 Payment Required
Your enrolled account [2046188739676782592] does not have any credits to fulfill this request.
2026-06-24 21:30:09,210 | ERROR | Account Error Cargill: 402 Payment Required
Your enrolled account [2046188739676782592] does not have any credits to fulfill this request.
2026-06-24 21:32:30,051 | ERROR | Account Error kannbwx: 402 Payment Required
Your enrolled account [2046188739676782592] does not have any credits to fulfill this request.
2026-06-24 21:32:30,316 | ERROR | Account Error SUNSEEDMAN: 402 Payment Required
Your enrolled account [2046188739676782592] does not have any credits to fulfill this request.
2026-06-24 21:32:30,663 | ERROR | Account Error mkt_intl: 402 Payment Required
Your enrolled account [2046188739676782592] does not have any credits to fulfill this request.
2026-06-24 21:32:30,915 | ERROR | Account Error FarmPolicy: 402 Payment Required
Your enrolled account [2046188739676782592] does not have any credits to fulfill this request.
2026-06-24 21:32:31,268 | ERROR | Account Error CropProphet: 402 Payment Required
Your enrolled account [2046188739676782592] does not have any credits to fulfill this request.
2026-06-24 21:32:31,540 | ERROR | Account Error USDA: 402 Payment Required
Your enrolled account [2046188739676782592] does not have any credits to fulfill this request.
2026-06-24 21:32:31,821 | ERROR | Account Error usda_nass: 402 Payment Required
Your enrolled account [2046188739676782592] does not have any credits to fulfill this request.
2026-06-24 21:32:32,152 | ERROR | Account Error usda_fas: 402 Payment Required
Your enrolled account [2046188739676782592] does not have any credits to fulfill this request.
2026-06-24 21:32:32,428 | ERROR | Account Error NWS: 402 Payment Required
Your enrolled account [2046188739676782592] does not have any credits to fulfill this request.
2026-06-24 21:32:32,689 | ERROR | Account Error NOAAClimate: 402 Payment Required
Your enrolled account [2046188739676782592] does not have any credits to fulfill this request.
2026-06-24 21:32:32,933 | ERROR | Account Error CMEGroup: 402 Payment Required
Your enrolled account [2046188739676782592] does not have any credits to fulfill this request.
2026-06-24 21:32:33,207 | ERROR | Account Error ReutersAg: 402 Payment Required
Your enrolled account [2046188739676782592] does not have any credits to fulfill this request.
2026-06-24 21:32:33,452 | ERROR | Account Error WalterBloomberg: 402 Payment Required
Your enrolled account [2046188739676782592] does not have any credits to fulfill this request.
2026-06-24 21:32:33,705 | ERROR | Account Error financialjuice: 402 Payment Required
Your enrolled account [2046188739676782592] does not have any credits to fulfill this request.
2026-06-24 21:32:33,967 | ERROR | Account Error Barchart: 402 Payment Required
Your enrolled account [2046188739676782592] does not have any credits to fulfill this request.
2026-06-24 21:32:34,228 | ERROR | Account Error StoneXGroup: 402 Payment Required
Your enrolled account [2046188739676782592] does not have any credits to fulfill this request.
2026-06-24 21:32:34,461 | ERROR | Account Error ADMupdates: 402 Payment Required
Your enrolled account [2046188739676782592] does not have any credits to fulfill this request.
2026-06-24 21:32:34,704 | ERROR | Account Error CHSInc: 402 Payment Required
Your enrolled account [2046188739676782592] does not have any credits to fulfill this request.
2026-06-24 21:32:34,962 | ERROR | Account Error Cargill: 402 Payment Required
Your enrolled account [2046188739676782592] does not have any credits to fulfill this request.
2026-06-24 21:32:50,306 | ERROR | Account Error kannbwx: 402 Payment Required
Your enrolled account [2046188739676782592] does not have any credits to fulfill this request.
2026-06-24 21:32:50,549 | ERROR | Account Error SUNSEEDMAN: 402 Payment Required
Your enrolled account [2046188739676782592] does not have any credits to fulfill this request.
2026-06-24 21:32:50,795 | ERROR | Account Error mkt_intl: 402 Payment Required
Your enrolled account [2046188739676782592] does not have any credits to fulfill this request.
2026-06-24 21:32:51,057 | ERROR | Account Error FarmPolicy: 402 Payment Required
Your enrolled account [2046188739676782592] does not have any credits to fulfill this request.
2026-06-24 21:32:51,309 | ERROR | Account Error CropProphet: 402 Payment Required
Your enrolled account [2046188739676782592] does not have any credits to fulfill this request.
2026-06-24 21:32:51,577 | ERROR | Account Error USDA: 402 Payment Required
Your enrolled account [2046188739676782592] does not have any credits to fulfill this request.
2026-06-24 21:32:51,832 | ERROR | Account Error usda_nass: 402 Payment Required
Your enrolled account [2046188739676782592] does not have any credits to fulfill this request.
2026-06-24 21:32:52,080 | ERROR | Account Error usda_fas: 402 Payment Required
Your enrolled account [2046188739676782592] does not have any credits to fulfill this request.
2026-06-24 21:32:52,339 | ERROR | Account Error NWS: 402 Payment Required
Your enrolled account [2046188739676782592] does not have any credits to fulfill this request.
2026-06-24 21:32:52,610 | ERROR | Account Error NOAAClimate: 402 Payment Required
Your enrolled account [2046188739676782592] does not have any credits to fulfill this request.
2026-06-24 21:32:52,866 | ERROR | Account Error CMEGroup: 402 Payment Required
Your enrolled account [2046188739676782592] does not have any credits to fulfill this request.
2026-06-24 21:32:53,123 | ERROR | Account Error ReutersAg: 402 Payment Required
Your enrolled account [2046188739676782592] does not have any credits to fulfill this request.
2026-06-24 21:32:53,393 | ERROR | Account Error WalterBloomberg: 402 Payment Required
Your enrolled account [2046188739676782592] does not have any credits to fulfill this request.
2026-06-24 21:32:53,641 | ERROR | Account Error financialjuice: 402 Payment Required
Your enrolled account [2046188739676782592] does not have any credits to fulfill this request.
2026-06-24 21:32:53,908 | ERROR | Account Error Barchart: 402 Payment Required
Your enrolled account [2046188739676782592] does not have any credits to fulfill this request.
2026-06-24 21:32:54,168 | ERROR | Account Error StoneXGroup: 402 Payment Required
Your enrolled account [2046188739676782592] does not have any credits to fulfill this request.
2026-06-24 21:32:54,427 | ERROR | Account Error ADMupdates: 402 Payment Required
Your enrolled account [2046188739676782592] does not have any credits to fulfill this request.
2026-06-24 21:32:54,676 | ERROR | Account Error CHSInc: 402 Payment Required
Your enrolled account [2046188739676782592] does not have any credits to fulfill this request.
2026-06-24 21:32:54,932 | ERROR | Account Error Cargill: 402 Payment Required
Your enrolled account [2046188739676782592] does not have any credits to fulfill this request.
2026-06-24 21:33:10,172 | ERROR | Account Error kannbwx: 402 Payment Required
Your enrolled account [2046188739676782592] does not have any credits to fulfill this request.
2026-06-24 21:33:10,422 | ERROR | Account Error SUNSEEDMAN: 402 Payment Required
Your enrolled account [2046188739676782592] does not have any credits to fulfill this request.
2026-06-24 21:33:10,665 | ERROR | Account Error mkt_intl: 402 Payment Required
Your enrolled account [2046188739676782592] does not have any credits to fulfill this request.
2026-06-24 21:33:10,905 | ERROR | Account Error FarmPolicy: 402 Payment Required
Your enrolled account [2046188739676782592] does not have any credits to fulfill this request.
2026-06-24 21:33:11,151 | ERROR | Account Error CropProphet: 402 Payment Required
Your enrolled account [2046188739676782592] does not have any credits to fulfill this request.
2026-06-24 21:33:11,392 | ERROR | Account Error USDA: 402 Payment Required
Your enrolled account [2046188739676782592] does not have any credits to fulfill this request.
2026-06-24 21:33:11,640 | ERROR | Account Error usda_nass: 402 Payment Required
Your enrolled account [2046188739676782592] does not have any credits to fulfill this request.
2026-06-24 21:33:11,900 | ERROR | Account Error usda_fas: 402 Payment Required
Your enrolled account [2046188739676782592] does not have any credits to fulfill this request.
2026-06-24 21:33:12,159 | ERROR | Account Error NWS: 402 Payment Required
Your enrolled account [2046188739676782592] does not have any credits to fulfill this request.
2026-06-24 21:33:12,409 | ERROR | Account Error NOAAClimate: 402 Payment Required
Your enrolled account [2046188739676782592] does not have any credits to fulfill this request.
2026-06-24 21:33:12,669 | ERROR | Account Error CMEGroup: 402 Payment Required
Your enrolled account [2046188739676782592] does not have any credits to fulfill this request.
2026-06-24 21:33:12,919 | ERROR | Account Error ReutersAg: 402 Payment Required
Your enrolled account [2046188739676782592] does not have any credits to fulfill this request.
2026-06-24 21:33:13,179 | ERROR | Account Error WalterBloomberg: 402 Payment Required
Your enrolled account [2046188739676782592] does not have any credits to fulfill this request.
2026-06-24 21:33:13,440 | ERROR | Account Error financialjuice: 402 Payment Required
Your enrolled account [2046188739676782592] does not have any credits to fulfill this request.
2026-06-24 21:33:13,690 | ERROR | Account Error Barchart: 402 Payment Required
Your enrolled account [2046188739676782592] does not have any credits to fulfill this request.
2026-06-24 21:33:13,950 | ERROR | Account Error StoneXGroup: 402 Payment Required
Your enrolled account [2046188739676782592] does not have any credits to fulfill this request.
2026-06-24 21:33:14,210 | ERROR | Account Error ADMupdates: 402 Payment Required
Your enrolled account [2046188739676782592] does not have any credits to fulfill this request.
2026-06-24 21:33:14,460 | ERROR | Account Error CHSInc: 402 Payment Required
Your enrolled account [2046188739676782592] does not have any credits to fulfill this request.
2026-06-24 21:33:14,731 | ERROR | Account Error Cargill: 402 Payment Required
Your enrolled account [2046188739676782592] does not have any credits to fulfill this request.
2026-06-24 21:33:30,001 | ERROR | Account Error kannbwx: 402 Payment Required
Your enrolled account [2046188739676782592] does not have any credits to fulfill this request.
2026-06-24 21:33:30,242 | ERROR | Account Error SUNSEEDMAN: 402 Payment Required
Your enrolled account [2046188739676782592] does not have any credits to fulfill this request.
2026-06-24 21:33:30,515 | ERROR | Account Error mkt_intl: 402 Payment Required
Your enrolled account [2046188739676782592] does not have any credits to fulfill this request.
2026-06-24 21:33:30,786 | ERROR | Account Error FarmPolicy: 402 Payment Required
Your enrolled account [2046188739676782592] does not have any credits to fulfill this request.
2026-06-24 21:33:31,036 | ERROR | Account Error CropProphet: 402 Payment Required
Your enrolled account [2046188739676782592] does not have any credits to fulfill this request.
2026-06-24 21:33:31,296 | ERROR | Account Error USDA: 402 Payment Required
Your enrolled account [2046188739676782592] does not have any credits to fulfill this request.
2026-06-24 21:33:31,554 | ERROR | Account Error usda_nass: 402 Payment Required
Your enrolled account [2046188739676782592] does not have any credits to fulfill this request.
2026-06-24 21:33:31,793 | ERROR | Account Error usda_fas: 402 Payment Required
Your enrolled account [2046188739676782592] does not have any credits to fulfill this request.
2026-06-24 21:33:32,043 | ERROR | Account Error NWS: 402 Payment Required
Your enrolled account [2046188739676782592] does not have any credits to fulfill this request.
2026-06-24 21:33:32,283 | ERROR | Account Error NOAAClimate: 402 Payment Required
Your enrolled account [2046188739676782592] does not have any credits to fulfill this request.
2026-06-24 21:33:32,553 | ERROR | Account Error CMEGroup: 402 Payment Required
Your enrolled account [2046188739676782592] does not have any credits to fulfill this request.
2026-06-24 21:33:32,793 | ERROR | Account Error ReutersAg: 402 Payment Required
Your enrolled account [2046188739676782592] does not have any credits to fulfill this request.
2026-06-24 21:33:33,052 | ERROR | Account Error WalterBloomberg: 402 Payment Required
Your enrolled account [2046188739676782592] does not have any credits to fulfill this request.
2026-06-24 21:33:33,323 | ERROR | Account Error financialjuice: 402 Payment Required
Your enrolled account [2046188739676782592] does not have any credits to fulfill this request.
2026-06-24 21:33:33,574 | ERROR | Account Error Barchart: 402 Payment Required
Your enrolled account [2046188739676782592] does not have any credits to fulfill this request.
2026-06-24 21:33:33,823 | ERROR | Account Error StoneXGroup: 402 Payment Required
Your enrolled account [2046188739676782592] does not have any credits to fulfill this request.
2026-06-24 21:33:34,106 | ERROR | Account Error ADMupdates: 402 Payment Required
Your enrolled account [2046188739676782592] does not have any credits to fulfill this request.
2026-06-24 21:33:34,355 | ERROR | Account Error CHSInc: 402 Payment Required
Your enrolled account [2046188739676782592] does not have any credits to fulfill this request.
2026-06-24 21:33:34,607 | ERROR | Account Error Cargill: 402 Payment Required
Your enrolled account [2046188739676782592] does not have any credits to fulfill this request.
2026-06-24 21:33:49,845 | ERROR | Account Error kannbwx: 402 Payment Required
Your enrolled account [2046188739676782592] does not have any credits to fulfill this request.
2026-06-24 21:33:50,096 | ERROR | Account Error SUNSEEDMAN: 402 Payment Required
Your enrolled account [2046188739676782592] does not have any credits to fulfill this request.
2026-06-24 21:33:50,356 | ERROR | Account Error mkt_intl: 402 Payment Required
Your enrolled account [2046188739676782592] does not have any credits to fulfill this request.
2026-06-24 21:33:50,626 | ERROR | Account Error FarmPolicy: 402 Payment Required
Your enrolled account [2046188739676782592] does not have any credits to fulfill this request.
2026-06-24 21:33:50,875 | ERROR | Account Error CropProphet: 402 Payment Required
Your enrolled account [2046188739676782592] does not have any credits to fulfill this request.
2026-06-24 21:33:51,130 | ERROR | Account Error USDA: 402 Payment Required
Your enrolled account [2046188739676782592] does not have any credits to fulfill this request.
2026-06-24 21:33:51,393 | ERROR | Account Error usda_nass: 402 Payment Required
Your enrolled account [2046188739676782592] does not have any credits to fulfill this request.
2026-06-24 21:33:51,643 | ERROR | Account Error usda_fas: 402 Payment Required
Your enrolled account [2046188739676782592] does not have any credits to fulfill this request.
2026-06-24 21:33:51,913 | ERROR | Account Error NWS: 402 Payment Required
Your enrolled account [2046188739676782592] does not have any credits to fulfill this request.
2026-06-24 21:33:52,173 | ERROR | Account Error NOAAClimate: 402 Payment Required
Your enrolled account [2046188739676782592] does not have any credits to fulfill this request.
2026-06-24 21:33:52,413 | ERROR | Account Error CMEGroup: 402 Payment Required
Your enrolled account [2046188739676782592] does not have any credits to fulfill this request.
2026-06-24 21:33:52,684 | ERROR | Account Error ReutersAg: 402 Payment Required
Your enrolled account [2046188739676782592] does not have any credits to fulfill this request.
2026-06-24 21:33:53,119 | ERROR | Account Error WalterBloomberg: 402 Payment Required
Your enrolled account [2046188739676782592] does not have any credits to fulfill this request.
2026-06-24 21:33:53,359 | ERROR | Account Error financialjuice: 402 Payment Required
Your enrolled account [2046188739676782592] does not have any credits to fulfill this request.
2026-06-24 21:33:53,619 | ERROR | Account Error Barchart: 402 Payment Required
Your enrolled account [2046188739676782592] does not have any credits to fulfill this request.
2026-06-24 21:33:53,878 | ERROR | Account Error StoneXGroup: 402 Payment Required
Your enrolled account [2046188739676782592] does not have any credits to fulfill this request.
2026-06-24 21:33:54,128 | ERROR | Account Error ADMupdates: 402 Payment Required
Your enrolled account [2046188739676782592] does not have any credits to fulfill this request.
2026-06-24 21:33:54,398 | ERROR | Account Error CHSInc: 402 Payment Required
Your enrolled account [2046188739676782592] does not have any credits to fulfill this request.
2026-06-24 21:33:54,648 | ERROR | Account Error Cargill: 402 Payment Required
Your enrolled account [2046188739676782592] does not have any credits to fulfill this request.
2026-06-24 21:34:09,910 | ERROR | Account Error kannbwx: 402 Payment Required
Your enrolled account [2046188739676782592] does not have any credits to fulfill this request.
2026-06-24 21:34:10,148 | ERROR | Account Error SUNSEEDMAN: 402 Payment Required
Your enrolled account [2046188739676782592] does not have any credits to fulfill this request.
2026-06-24 21:34:10,418 | ERROR | Account Error mkt_intl: 402 Payment Required
Your enrolled account [2046188739676782592] does not have any credits to fulfill this request.
2026-06-24 21:34:10,675 | ERROR | Account Error FarmPolicy: 402 Payment Required
Your enrolled account [2046188739676782592] does not have any credits to fulfill this request.
2026-06-24 21:34:10,952 | ERROR | Account Error CropProphet: 402 Payment Required
Your enrolled account [2046188739676782592] does not have any credits to fulfill this request.
2026-06-24 21:34:11,200 | ERROR | Account Error USDA: 402 Payment Required
Your enrolled account [2046188739676782592] does not have any credits to fulfill this request.
2026-06-24 21:34:11,459 | ERROR | Account Error usda_nass: 402 Payment Required
Your enrolled account [2046188739676782592] does not have any credits to fulfill this request.
2026-06-24 21:34:11,697 | ERROR | Account Error usda_fas: 402 Payment Required
Your enrolled account [2046188739676782592] does not have any credits to fulfill this request.
2026-06-24 21:34:11,944 | ERROR | Account Error NWS: 402 Payment Required
Your enrolled account [2046188739676782592] does not have any credits to fulfill this request.
2026-06-24 21:34:12,191 | ERROR | Account Error NOAAClimate: 402 Payment Required
Your enrolled account [2046188739676782592] does not have any credits to fulfill this request.
2026-06-24 21:34:12,448 | ERROR | Account Error CMEGroup: 402 Payment Required
Your enrolled account [2046188739676782592] does not have any credits to fulfill this request.
2026-06-24 21:34:12,722 | ERROR | Account Error ReutersAg: 402 Payment Required
Your enrolled account [2046188739676782592] does not have any credits to fulfill this request.
2026-06-24 21:34:12,972 | ERROR | Account Error WalterBloomberg: 402 Payment Required
Your enrolled account [2046188739676782592] does not have any credits to fulfill this request.
2026-06-24 21:34:13,219 | ERROR | Account Error financialjuice: 402 Payment Required
Your enrolled account [2046188739676782592] does not have any credits to fulfill this request.
2026-06-24 21:34:13,498 | ERROR | Account Error Barchart: 402 Payment Required
Your enrolled account [2046188739676782592] does not have any credits to fulfill this request.
2026-06-24 21:34:13,767 | ERROR | Account Error StoneXGroup: 402 Payment Required
Your enrolled account [2046188739676782592] does not have any credits to fulfill this request.
2026-06-24 21:34:14,036 | ERROR | Account Error ADMupdates: 402 Payment Required
Your enrolled account [2046188739676782592] does not have any credits to fulfill this request.
2026-06-24 21:34:14,283 | ERROR | Account Error CHSInc: 402 Payment Required
Your enrolled account [2046188739676782592] does not have any credits to fulfill this request.
2026-06-24 21:34:14,543 | ERROR | Account Error Cargill: 402 Payment Required
Your enrolled account [2046188739676782592] does not have any credits to fulfill this request.
2026-06-24 21:34:29,808 | ERROR | Account Error kannbwx: 402 Payment Required
Your enrolled account [2046188739676782592] does not have any credits to fulfill this request.
2026-06-24 21:34:30,062 | ERROR | Account Error SUNSEEDMAN: 402 Payment Required
Your enrolled account [2046188739676782592] does not have any credits to fulfill this request.
2026-06-24 21:34:30,326 | ERROR | Account Error mkt_intl: 402 Payment Required
Your enrolled account [2046188739676782592] does not have any credits to fulfill this request.
2026-06-24 21:34:30,592 | ERROR | Account Error FarmPolicy: 402 Payment Required
Your enrolled account [2046188739676782592] does not have any credits to fulfill this request.
2026-06-24 21:34:30,842 | ERROR | Account Error CropProphet: 402 Payment Required
Your enrolled account [2046188739676782592] does not have any credits to fulfill this request.
2026-06-24 21:34:31,144 | ERROR | Account Error USDA: 402 Payment Required
Your enrolled account [2046188739676782592] does not have any credits to fulfill this request.
2026-06-24 21:34:31,423 | ERROR | Account Error usda_nass: 402 Payment Required
Your enrolled account [2046188739676782592] does not have any credits to fulfill this request.
2026-06-24 21:34:31,676 | ERROR | Account Error usda_fas: 402 Payment Required
Your enrolled account [2046188739676782592] does not have any credits to fulfill this request.
2026-06-24 21:34:31,956 | ERROR | Account Error NWS: 402 Payment Required
Your enrolled account [2046188739676782592] does not have any credits to fulfill this request.
2026-06-24 21:34:32,224 | ERROR | Account Error NOAAClimate: 402 Payment Required
Your enrolled account [2046188739676782592] does not have any credits to fulfill this request.
2026-06-24 21:34:32,490 | ERROR | Account Error CMEGroup: 402 Payment Required
Your enrolled account [2046188739676782592] does not have any credits to fulfill this request.
2026-06-24 21:34:32,742 | ERROR | Account Error ReutersAg: 402 Payment Required
Your enrolled account [2046188739676782592] does not have any credits to fulfill this request.
2026-06-24 21:34:32,992 | ERROR | Account Error WalterBloomberg: 402 Payment Required
Your enrolled account [2046188739676782592] does not have any credits to fulfill this request.
2026-06-24 21:34:33,242 | ERROR | Account Error financialjuice: 402 Payment Required
Your enrolled account [2046188739676782592] does not have any credits to fulfill this request.
2026-06-24 21:34:33,492 | ERROR | Account Error Barchart: 402 Payment Required
Your enrolled account [2046188739676782592] does not have any credits to fulfill this request.
2026-06-24 21:34:33,745 | ERROR | Account Error StoneXGroup: 402 Payment Required
Your enrolled account [2046188739676782592] does not have any credits to fulfill this request.
2026-06-24 21:34:33,991 | ERROR | Account Error ADMupdates: 402 Payment Required
Your enrolled account [2046188739676782592] does not have any credits to fulfill this request.
2026-06-24 21:34:34,258 | ERROR | Account Error CHSInc: 402 Payment Required
Your enrolled account [2046188739676782592] does not have any credits to fulfill this request.
2026-06-24 21:34:34,542 | ERROR | Account Error Cargill: 402 Payment Required
Your enrolled account [2046188739676782592] does not have any credits to fulfill this request.
2026-06-24 21:34:49,790 | ERROR | Account Error kannbwx: 402 Payment Required
Your enrolled account [2046188739676782592] does not have any credits to fulfill this request.
2026-06-24 21:34:50,041 | ERROR | Account Error SUNSEEDMAN: 402 Payment Required
Your enrolled account [2046188739676782592] does not have any credits to fulfill this request.
2026-06-24 21:34:50,290 | ERROR | Account Error mkt_intl: 402 Payment Required
Your enrolled account [2046188739676782592] does not have any credits to fulfill this request.
2026-06-24 21:34:50,553 | ERROR | Account Error FarmPolicy: 402 Payment Required
Your enrolled account [2046188739676782592] does not have any credits to fulfill this request.
2026-06-24 21:34:50,823 | ERROR | Account Error CropProphet: 402 Payment Required
Your enrolled account [2046188739676782592] does not have any credits to fulfill this request.
2026-06-24 21:34:51,058 | ERROR | Account Error USDA: 402 Payment Required
Your enrolled account [2046188739676782592] does not have any credits to fulfill this request.
2026-06-24 21:34:51,309 | ERROR | Account Error usda_nass: 402 Payment Required
Your enrolled account [2046188739676782592] does not have any credits to fulfill this request.
2026-06-24 21:34:51,554 | ERROR | Account Error usda_fas: 402 Payment Required
Your enrolled account [2046188739676782592] does not have any credits to fulfill this request.
2026-06-24 21:34:51,820 | ERROR | Account Error NWS: 402 Payment Required
Your enrolled account [2046188739676782592] does not have any credits to fulfill this request.
2026-06-24 21:34:52,071 | ERROR | Account Error NOAAClimate: 402 Payment Required
Your enrolled account [2046188739676782592] does not have any credits to fulfill this request.
2026-06-24 21:34:52,337 | ERROR | Account Error CMEGroup: 402 Payment Required
Your enrolled account [2046188739676782592] does not have any credits to fulfill this request.
2026-06-24 21:34:52,618 | ERROR | Account Error ReutersAg: 402 Payment Required
Your enrolled account [2046188739676782592] does not have any credits to fulfill this request.
2026-06-24 21:34:52,886 | ERROR | Account Error WalterBloomberg: 402 Payment Required
Your enrolled account [2046188739676782592] does not have any credits to fulfill this request.
2026-06-24 21:34:53,154 | ERROR | Account Error financialjuice: 402 Payment Required
Your enrolled account [2046188739676782592] does not have any credits to fulfill this request.
2026-06-24 21:34:53,420 | ERROR | Account Error Barchart: 402 Payment Required
Your enrolled account [2046188739676782592] does not have any credits to fulfill this request.
2026-06-24 21:34:53,686 | ERROR | Account Error StoneXGroup: 402 Payment Required
Your enrolled account [2046188739676782592] does not have any credits to fulfill this request.
2026-06-24 21:34:53,953 | WARNING | Rate limit exceeded. Sleeping for 617 seconds.
2026-06-24 22:14:24,921 | ERROR | Account Error ADMupdates: ('Connection aborted.', RemoteDisconnected('Remote end closed connection without response'))
2026-06-24 22:14:25,654 | ERROR | Account Error CHSInc: 402 Payment Required
Your enrolled account [2046188739676782592] does not have any credits to fulfill this request.
2026-06-24 22:14:25,919 | ERROR | Account Error Cargill: 402 Payment Required
Your enrolled account [2046188739676782592] does not have any credits to fulfill this request.
2026-06-24 22:14:41,181 | ERROR | Account Error kannbwx: 402 Payment Required
Your enrolled account [2046188739676782592] does not have any credits to fulfill this request.
2026-06-24 22:14:41,442 | ERROR | Account Error SUNSEEDMAN: 402 Payment Required
Your enrolled account [2046188739676782592] does not have any credits to fulfill this request.
2026-06-24 22:14:41,698 | ERROR | Account Error mkt_intl: 402 Payment Required
Your enrolled account [2046188739676782592] does not have any credits to fulfill this request.
2026-06-24 22:14:41,942 | ERROR | Account Error FarmPolicy: 402 Payment Required
Your enrolled account [2046188739676782592] does not have any credits to fulfill this request.
2026-06-24 22:14:42,215 | ERROR | Account Error CropProphet: 402 Payment Required
Your enrolled account [2046188739676782592] does not have any credits to fulfill this request.
2026-06-24 22:14:42,475 | ERROR | Account Error USDA: 402 Payment Required
Your enrolled account [2046188739676782592] does not have any credits to fulfill this request.
2026-06-24 22:14:42,803 | ERROR | Account Error usda_nass: 402 Payment Required
Your enrolled account [2046188739676782592] does not have any credits to fulfill this request.
2026-06-24 22:14:43,072 | ERROR | Account Error usda_fas: 402 Payment Required
Your enrolled account [2046188739676782592] does not have any credits to fulfill this request.
2026-06-24 22:14:43,329 | ERROR | Account Error NWS: 402 Payment Required
Your enrolled account [2046188739676782592] does not have any credits to fulfill this request.
2026-06-24 22:14:43,588 | ERROR | Account Error NOAAClimate: 402 Payment Required
Your enrolled account [2046188739676782592] does not have any credits to fulfill this request.
2026-06-24 22:14:43,844 | ERROR | Account Error CMEGroup: 402 Payment Required
Your enrolled account [2046188739676782592] does not have any credits to fulfill this request.
2026-06-24 22:14:44,107 | ERROR | Account Error ReutersAg: 402 Payment Required
Your enrolled account [2046188739676782592] does not have any credits to fulfill this request.
2026-06-24 22:14:44,362 | ERROR | Account Error WalterBloomberg: 402 Payment Required
Your enrolled account [2046188739676782592] does not have any credits to fulfill this request.
2026-06-24 22:14:44,608 | ERROR | Account Error financialjuice: 402 Payment Required
Your enrolled account [2046188739676782592] does not have any credits to fulfill this request.
2026-06-24 22:14:44,882 | ERROR | Account Error Barchart: 402 Payment Required
Your enrolled account [2046188739676782592] does not have any credits to fulfill this request.
2026-06-24 22:14:45,140 | ERROR | Account Error StoneXGroup: 402 Payment Required
Your enrolled account [2046188739676782592] does not have any credits to fulfill this request.
2026-06-24 22:14:45,395 | ERROR | Account Error ADMupdates: 402 Payment Required
Your enrolled account [2046188739676782592] does not have any credits to fulfill this request.
2026-06-24 22:14:45,657 | ERROR | Account Error CHSInc: 402 Payment Required
Your enrolled account [2046188739676782592] does not have any credits to fulfill this request.
2026-06-24 22:14:45,916 | ERROR | Account Error Cargill: 402 Payment Required
Your enrolled account [2046188739676782592] does not have any credits to fulfill this request.
2026-06-24 22:15:01,193 | ERROR | Account Error kannbwx: 402 Payment Required
Your enrolled account [2046188739676782592] does not have any credits to fulfill this request.
2026-06-24 22:15:01,441 | ERROR | Account Error SUNSEEDMAN: 402 Payment Required
Your enrolled account [2046188739676782592] does not have any credits to fulfill this request.
2026-06-24 22:15:01,714 | ERROR | Account Error mkt_intl: 402 Payment Required
Your enrolled account [2046188739676782592] does not have any credits to fulfill this request.
2026-06-24 22:15:01,974 | ERROR | Account Error FarmPolicy: 402 Payment Required
Your enrolled account [2046188739676782592] does not have any credits to fulfill this request.
2026-06-24 22:15:02,226 | ERROR | Account Error CropProphet: 402 Payment Required
Your enrolled account [2046188739676782592] does not have any credits to fulfill this request.
2026-06-24 22:15:02,479 | ERROR | Account Error USDA: 402 Payment Required
Your enrolled account [2046188739676782592] does not have any credits to fulfill this request.
2026-06-24 22:15:02,730 | ERROR | Account Error usda_nass: 402 Payment Required
Your enrolled account [2046188739676782592] does not have any credits to fulfill this request.
2026-06-24 22:15:03,006 | ERROR | Account Error usda_fas: 402 Payment Required
Your enrolled account [2046188739676782592] does not have any credits to fulfill this request.
2026-06-24 22:15:03,264 | ERROR | Account Error NWS: 402 Payment Required
Your enrolled account [2046188739676782592] does not have any credits to fulfill this request.
2026-06-24 22:15:03,525 | ERROR | Account Error NOAAClimate: 402 Payment Required
Your enrolled account [2046188739676782592] does not have any credits to fulfill this request.
2026-06-24 22:15:03,779 | ERROR | Account Error CMEGroup: 402 Payment Required
Your enrolled account [2046188739676782592] does not have any credits to fulfill this request.
2026-06-24 22:15:04,159 | ERROR | Account Error ReutersAg: 402 Payment Required
Your enrolled account [2046188739676782592] does not have any credits to fulfill this request.
2026-06-24 22:15:04,454 | ERROR | Account Error WalterBloomberg: 402 Payment Required
Your enrolled account [2046188739676782592] does not have any credits to fulfill this request.
2026-06-24 22:15:04,721 | ERROR | Account Error financialjuice: 402 Payment Required
Your enrolled account [2046188739676782592] does not have any credits to fulfill this request.
2026-06-24 22:15:04,993 | ERROR | Account Error Barchart: 402 Payment Required
Your enrolled account [2046188739676782592] does not have any credits to fulfill this request.
2026-06-24 22:15:05,238 | ERROR | Account Error StoneXGroup: 402 Payment Required
Your enrolled account [2046188739676782592] does not have any credits to fulfill this request.
2026-06-24 22:15:05,491 | ERROR | Account Error ADMupdates: 402 Payment Required
Your enrolled account [2046188739676782592] does not have any credits to fulfill this request.
2026-06-24 22:15:05,762 | ERROR | Account Error CHSInc: 402 Payment Required
Your enrolled account [2046188739676782592] does not have any credits to fulfill this request.
2026-06-24 22:15:06,023 | ERROR | Account Error Cargill: 402 Payment Required
Your enrolled account [2046188739676782592] does not have any credits to fulfill this request.
2026-06-24 22:15:21,292 | ERROR | Account Error kannbwx: 402 Payment Required
Your enrolled account [2046188739676782592] does not have any credits to fulfill this request.
2026-06-24 22:15:21,557 | ERROR | Account Error SUNSEEDMAN: 402 Payment Required
Your enrolled account [2046188739676782592] does not have any credits to fulfill this request.
2026-06-24 22:15:21,824 | ERROR | Account Error mkt_intl: 402 Payment Required
Your enrolled account [2046188739676782592] does not have any credits to fulfill this request.
2026-06-24 22:15:22,070 | ERROR | Account Error FarmPolicy: 402 Payment Required
Your enrolled account [2046188739676782592] does not have any credits to fulfill this request.
2026-06-24 22:15:22,325 | ERROR | Account Error CropProphet: 402 Payment Required
Your enrolled account [2046188739676782592] does not have any credits to fulfill this request.
2026-06-24 22:15:22,570 | ERROR | Account Error USDA: 402 Payment Required
Your enrolled account [2046188739676782592] does not have any credits to fulfill this request.
2026-06-24 22:15:22,828 | ERROR | Account Error usda_nass: 402 Payment Required
Your enrolled account [2046188739676782592] does not have any credits to fulfill this request.
2026-06-24 22:15:23,104 | ERROR | Account Error usda_fas: 402 Payment Required
Your enrolled account [2046188739676782592] does not have any credits to fulfill this request.
2026-06-24 22:15:23,360 | ERROR | Account Error NWS: 402 Payment Required
Your enrolled account [2046188739676782592] does not have any credits to fulfill this request.
2026-06-24 22:15:23,603 | ERROR | Account Error NOAAClimate: 402 Payment Required
Your enrolled account [2046188739676782592] does not have any credits to fulfill this request.
2026-06-24 22:15:23,862 | ERROR | Account Error CMEGroup: 402 Payment Required
Your enrolled account [2046188739676782592] does not have any credits to fulfill this request.
2026-06-24 22:15:24,110 | ERROR | Account Error ReutersAg: 402 Payment Required
Your enrolled account [2046188739676782592] does not have any credits to fulfill this request.
2026-06-24 22:15:24,365 | ERROR | Account Error WalterBloomberg: 402 Payment Required
Your enrolled account [2046188739676782592] does not have any credits to fulfill this request.
2026-06-24 22:15:24,713 | ERROR | Account Error financialjuice: 402 Payment Required
Your enrolled account [2046188739676782592] does not have any credits to fulfill this request.
2026-06-24 22:15:24,980 | ERROR | Account Error Barchart: 402 Payment Required
Your enrolled account [2046188739676782592] does not have any credits to fulfill this request.
2026-06-24 22:15:25,234 | ERROR | Account Error StoneXGroup: 402 Payment Required
Your enrolled account [2046188739676782592] does not have any credits to fulfill this request.
2026-06-24 22:15:25,478 | ERROR | Account Error ADMupdates: 402 Payment Required
Your enrolled account [2046188739676782592] does not have any credits to fulfill this request.
2026-06-24 22:15:25,735 | ERROR | Account Error CHSInc: 402 Payment Required
Your enrolled account [2046188739676782592] does not have any credits to fulfill this request.
2026-06-24 22:15:26,010 | ERROR | Account Error Cargill: 402 Payment Required
Your enrolled account [2046188739676782592] does not have any credits to fulfill this request.
2026-06-24 22:15:41,275 | ERROR | Account Error kannbwx: 402 Payment Required
Your enrolled account [2046188739676782592] does not have any credits to fulfill this request.
2026-06-24 22:15:41,548 | ERROR | Account Error SUNSEEDMAN: 402 Payment Required
Your enrolled account [2046188739676782592] does not have any credits to fulfill this request.
2026-06-24 22:15:41,812 | ERROR | Account Error mkt_intl: 402 Payment Required
Your enrolled account [2046188739676782592] does not have any credits to fulfill this request.
2026-06-24 22:15:42,081 | ERROR | Account Error FarmPolicy: 402 Payment Required
Your enrolled account [2046188739676782592] does not have any credits to fulfill this request.
2026-06-24 22:15:42,345 | ERROR | Account Error CropProphet: 402 Payment Required
Your enrolled account [2046188739676782592] does not have any credits to fulfill this request.
2026-06-24 22:15:42,582 | ERROR | Account Error USDA: 402 Payment Required
Your enrolled account [2046188739676782592] does not have any credits to fulfill this request.
2026-06-24 22:15:42,855 | ERROR | Account Error usda_nass: 402 Payment Required
Your enrolled account [2046188739676782592] does not have any credits to fulfill this request.
2026-06-24 22:15:43,117 | ERROR | Account Error usda_fas: 402 Payment Required
Your enrolled account [2046188739676782592] does not have any credits to fulfill this request.
2026-06-24 22:15:43,381 | ERROR | Account Error NWS: 402 Payment Required
Your enrolled account [2046188739676782592] does not have any credits to fulfill this request.
2026-06-24 22:15:43,644 | ERROR | Account Error NOAAClimate: 402 Payment Required
Your enrolled account [2046188739676782592] does not have any credits to fulfill this request.
2026-06-24 22:15:43,898 | ERROR | Account Error CMEGroup: 402 Payment Required
Your enrolled account [2046188739676782592] does not have any credits to fulfill this request.
2026-06-24 22:15:44,148 | ERROR | Account Error ReutersAg: 402 Payment Required
Your enrolled account [2046188739676782592] does not have any credits to fulfill this request.
2026-06-24 22:15:44,401 | ERROR | Account Error WalterBloomberg: 402 Payment Required
Your enrolled account [2046188739676782592] does not have any credits to fulfill this request.
2026-06-24 22:15:44,651 | ERROR | Account Error financialjuice: 402 Payment Required
Your enrolled account [2046188739676782592] does not have any credits to fulfill this request.
2026-06-24 22:15:44,914 | ERROR | Account Error Barchart: 402 Payment Required
Your enrolled account [2046188739676782592] does not have any credits to fulfill this request.
2026-06-24 22:15:45,151 | ERROR | Account Error StoneXGroup: 402 Payment Required
Your enrolled account [2046188739676782592] does not have any credits to fulfill this request.
2026-06-24 22:15:45,414 | ERROR | Account Error ADMupdates: 402 Payment Required
Your enrolled account [2046188739676782592] does not have any credits to fulfill this request.
2026-06-24 22:15:45,669 | ERROR | Account Error CHSInc: 402 Payment Required
Your enrolled account [2046188739676782592] does not have any credits to fulfill this request.
2026-06-24 22:15:45,946 | ERROR | Account Error Cargill: 402 Payment Required
Your enrolled account [2046188739676782592] does not have any credits to fulfill this request.
2026-06-24 22:16:01,209 | ERROR | Account Error kannbwx: 402 Payment Required
Your enrolled account [2046188739676782592] does not have any credits to fulfill this request.
2026-06-24 22:16:01,470 | ERROR | Account Error SUNSEEDMAN: 402 Payment Required
Your enrolled account [2046188739676782592] does not have any credits to fulfill this request.
2026-06-24 22:16:01,710 | ERROR | Account Error mkt_intl: 402 Payment Required
Your enrolled account [2046188739676782592] does not have any credits to fulfill this request.
2026-06-24 22:16:01,973 | ERROR | Account Error FarmPolicy: 402 Payment Required
Your enrolled account [2046188739676782592] does not have any credits to fulfill this request.
2026-06-24 22:16:02,262 | ERROR | Account Error CropProphet: 402 Payment Required
Your enrolled account [2046188739676782592] does not have any credits to fulfill this request.
2026-06-24 22:16:02,521 | ERROR | Account Error USDA: 402 Payment Required
Your enrolled account [2046188739676782592] does not have any credits to fulfill this request.
2026-06-24 22:16:02,776 | ERROR | Account Error usda_nass: 402 Payment Required
Your enrolled account [2046188739676782592] does not have any credits to fulfill this request.
2026-06-24 22:16:03,022 | ERROR | Account Error usda_fas: 402 Payment Required
Your enrolled account [2046188739676782592] does not have any credits to fulfill this request.
2026-06-24 22:16:03,293 | ERROR | Account Error NWS: 402 Payment Required
Your enrolled account [2046188739676782592] does not have any credits to fulfill this request.
2026-06-24 22:16:03,556 | ERROR | Account Error NOAAClimate: 402 Payment Required
Your enrolled account [2046188739676782592] does not have any credits to fulfill this request.
2026-06-24 22:16:03,825 | ERROR | Account Error CMEGroup: 402 Payment Required
Your enrolled account [2046188739676782592] does not have any credits to fulfill this request.
2026-06-24 22:16:04,089 | ERROR | Account Error ReutersAg: 402 Payment Required
Your enrolled account [2046188739676782592] does not have any credits to fulfill this request.
2026-06-24 22:16:04,343 | ERROR | Account Error WalterBloomberg: 402 Payment Required
Your enrolled account [2046188739676782592] does not have any credits to fulfill this request.
2026-06-24 22:16:04,590 | ERROR | Account Error financialjuice: 402 Payment Required
Your enrolled account [2046188739676782592] does not have any credits to fulfill this request.
2026-06-24 22:16:04,877 | ERROR | Account Error Barchart: 402 Payment Required
Your enrolled account [2046188739676782592] does not have any credits to fulfill this request.
2026-06-24 22:16:05,139 | ERROR | Account Error StoneXGroup: 402 Payment Required
Your enrolled account [2046188739676782592] does not have any credits to fulfill this request.
2026-06-24 22:16:05,381 | ERROR | Account Error ADMupdates: 402 Payment Required
Your enrolled account [2046188739676782592] does not have any credits to fulfill this request.
2026-06-24 22:16:05,643 | ERROR | Account Error CHSInc: 402 Payment Required
Your enrolled account [2046188739676782592] does not have any credits to fulfill this request.
2026-06-24 22:16:05,892 | ERROR | Account Error Cargill: 402 Payment Required
Your enrolled account [2046188739676782592] does not have any credits to fulfill this request.
2026-06-24 22:16:21,145 | ERROR | Account Error kannbwx: 402 Payment Required
Your enrolled account [2046188739676782592] does not have any credits to fulfill this request.
2026-06-24 22:16:21,406 | ERROR | Account Error SUNSEEDMAN: 402 Payment Required
Your enrolled account [2046188739676782592] does not have any credits to fulfill this request.
2026-06-24 22:16:21,646 | ERROR | Account Error mkt_intl: 402 Payment Required
Your enrolled account [2046188739676782592] does not have any credits to fulfill this request.
2026-06-24 22:16:21,916 | ERROR | Account Error FarmPolicy: 402 Payment Required
Your enrolled account [2046188739676782592] does not have any credits to fulfill this request.
2026-06-24 22:16:22,196 | ERROR | Account Error CropProphet: 402 Payment Required
Your enrolled account [2046188739676782592] does not have any credits to fulfill this request.
2026-06-24 22:16:22,439 | ERROR | Account Error USDA: 402 Payment Required
Your enrolled account [2046188739676782592] does not have any credits to fulfill this request.
2026-06-24 22:16:22,698 | ERROR | Account Error usda_nass: 402 Payment Required
Your enrolled account [2046188739676782592] does not have any credits to fulfill this request.
2026-06-24 22:16:22,956 | ERROR | Account Error usda_fas: 402 Payment Required
Your enrolled account [2046188739676782592] does not have any credits to fulfill this request.
2026-06-24 22:16:23,200 | ERROR | Account Error NWS: 402 Payment Required
Your enrolled account [2046188739676782592] does not have any credits to fulfill this request.
2026-06-24 22:16:23,455 | ERROR | Account Error NOAAClimate: 402 Payment Required
Your enrolled account [2046188739676782592] does not have any credits to fulfill this request.
2026-06-24 22:16:23,717 | ERROR | Account Error CMEGroup: 402 Payment Required
Your enrolled account [2046188739676782592] does not have any credits to fulfill this request.
2026-06-24 22:16:23,989 | ERROR | Account Error ReutersAg: 402 Payment Required
Your enrolled account [2046188739676782592] does not have any credits to fulfill this request.
2026-06-24 22:16:24,234 | ERROR | Account Error WalterBloomberg: 402 Payment Required
Your enrolled account [2046188739676782592] does not have any credits to fulfill this request.
2026-06-24 22:16:24,488 | ERROR | Account Error financialjuice: 402 Payment Required
Your enrolled account [2046188739676782592] does not have any credits to fulfill this request.
2026-06-24 22:16:24,735 | ERROR | Account Error Barchart: 402 Payment Required
Your enrolled account [2046188739676782592] does not have any credits to fulfill this request.
2026-06-24 22:16:24,989 | ERROR | Account Error StoneXGroup: 402 Payment Required
Your enrolled account [2046188739676782592] does not have any credits to fulfill this request.
2026-06-24 22:16:25,255 | ERROR | Account Error ADMupdates: 402 Payment Required
Your enrolled account [2046188739676782592] does not have any credits to fulfill this request.
2026-06-24 22:16:25,506 | ERROR | Account Error CHSInc: 402 Payment Required
Your enrolled account [2046188739676782592] does not have any credits to fulfill this request.
2026-06-24 22:16:25,767 | ERROR | Account Error Cargill: 402 Payment Required
Your enrolled account [2046188739676782592] does not have any credits to fulfill this request.
2026-06-24 22:16:41,002 | ERROR | Account Error kannbwx: 402 Payment Required
Your enrolled account [2046188739676782592] does not have any credits to fulfill this request.
2026-06-24 22:16:41,258 | ERROR | Account Error SUNSEEDMAN: 402 Payment Required
Your enrolled account [2046188739676782592] does not have any credits to fulfill this request.
2026-06-24 22:16:41,502 | ERROR | Account Error mkt_intl: 402 Payment Required
Your enrolled account [2046188739676782592] does not have any credits to fulfill this request.
2026-06-24 22:16:41,776 | ERROR | Account Error FarmPolicy: 402 Payment Required
Your enrolled account [2046188739676782592] does not have any credits to fulfill this request.
2026-06-24 22:16:42,033 | ERROR | Account Error CropProphet: 402 Payment Required
Your enrolled account [2046188739676782592] does not have any credits to fulfill this request.
2026-06-24 22:16:42,294 | ERROR | Account Error USDA: 402 Payment Required
Your enrolled account [2046188739676782592] does not have any credits to fulfill this request.
2026-06-24 22:16:42,550 | ERROR | Account Error usda_nass: 402 Payment Required
Your enrolled account [2046188739676782592] does not have any credits to fulfill this request.
2026-06-24 22:16:42,811 | ERROR | Account Error usda_fas: 402 Payment Required
Your enrolled account [2046188739676782592] does not have any credits to fulfill this request.
2026-06-24 22:16:43,059 | ERROR | Account Error NWS: 402 Payment Required
Your enrolled account [2046188739676782592] does not have any credits to fulfill this request.
2026-06-24 22:16:43,296 | ERROR | Account Error NOAAClimate: 402 Payment Required
Your enrolled account [2046188739676782592] does not have any credits to fulfill this request.
2026-06-24 22:16:43,564 | ERROR | Account Error CMEGroup: 402 Payment Required
Your enrolled account [2046188739676782592] does not have any credits to fulfill this request.
2026-06-24 22:16:43,815 | ERROR | Account Error ReutersAg: 402 Payment Required
Your enrolled account [2046188739676782592] does not have any credits to fulfill this request.
2026-06-24 22:16:44,066 | ERROR | Account Error WalterBloomberg: 402 Payment Required
Your enrolled account [2046188739676782592] does not have any credits to fulfill this request.
2026-06-24 22:16:44,316 | ERROR | Account Error financialjuice: 402 Payment Required
Your enrolled account [2046188739676782592] does not have any credits to fulfill this request.
2026-06-24 22:16:44,568 | ERROR | Account Error Barchart: 402 Payment Required
Your enrolled account [2046188739676782592] does not have any credits to fulfill this request.
2026-06-24 22:16:44,846 | ERROR | Account Error StoneXGroup: 402 Payment Required
Your enrolled account [2046188739676782592] does not have any credits to fulfill this request.
2026-06-24 22:16:45,098 | ERROR | Account Error ADMupdates: 402 Payment Required
Your enrolled account [2046188739676782592] does not have any credits to fulfill this request.
2026-06-24 22:16:45,334 | ERROR | Account Error CHSInc: 402 Payment Required
Your enrolled account [2046188739676782592] does not have any credits to fulfill this request.
2026-06-24 22:16:45,589 | ERROR | Account Error Cargill: 402 Payment Required
Your enrolled account [2046188739676782592] does not have any credits to fulfill this request.
2026-06-24 22:17:00,858 | ERROR | Account Error kannbwx: 402 Payment Required
Your enrolled account [2046188739676782592] does not have any credits to fulfill this request.
2026-06-24 22:17:01,130 | ERROR | Account Error SUNSEEDMAN: 402 Payment Required
Your enrolled account [2046188739676782592] does not have any credits to fulfill this request.
2026-06-24 22:17:01,389 | ERROR | Account Error mkt_intl: 402 Payment Required
Your enrolled account [2046188739676782592] does not have any credits to fulfill this request.
2026-06-24 22:17:01,644 | ERROR | Account Error FarmPolicy: 402 Payment Required
Your enrolled account [2046188739676782592] does not have any credits to fulfill this request.
2026-06-24 22:17:01,906 | ERROR | Account Error CropProphet: 402 Payment Required
Your enrolled account [2046188739676782592] does not have any credits to fulfill this request.
2026-06-24 22:17:02,161 | ERROR | Account Error USDA: 402 Payment Required
Your enrolled account [2046188739676782592] does not have any credits to fulfill this request.
2026-06-24 22:17:02,407 | ERROR | Account Error usda_nass: 402 Payment Required
Your enrolled account [2046188739676782592] does not have any credits to fulfill this request.
2026-06-24 22:17:02,662 | ERROR | Account Error usda_fas: 402 Payment Required
Your enrolled account [2046188739676782592] does not have any credits to fulfill this request.
2026-06-24 22:17:02,908 | ERROR | Account Error NWS: 402 Payment Required
Your enrolled account [2046188739676782592] does not have any credits to fulfill this request.
2026-06-24 22:17:03,161 | ERROR | Account Error NOAAClimate: 402 Payment Required
Your enrolled account [2046188739676782592] does not have any credits to fulfill this request.
2026-06-24 22:17:03,422 | ERROR | Account Error CMEGroup: 402 Payment Required
Your enrolled account [2046188739676782592] does not have any credits to fulfill this request.
2026-06-24 22:17:03,663 | ERROR | Account Error ReutersAg: 402 Payment Required
Your enrolled account [2046188739676782592] does not have any credits to fulfill this request.
2026-06-24 22:17:03,931 | ERROR | Account Error WalterBloomberg: 402 Payment Required
Your enrolled account [2046188739676782592] does not have any credits to fulfill this request.
2026-06-24 22:17:04,179 | ERROR | Account Error financialjuice: 402 Payment Required
Your enrolled account [2046188739676782592] does not have any credits to fulfill this request.
2026-06-24 22:17:04,451 | ERROR | Account Error Barchart: 402 Payment Required
Your enrolled account [2046188739676782592] does not have any credits to fulfill this request.
2026-06-24 22:17:04,696 | ERROR | Account Error StoneXGroup: 402 Payment Required
Your enrolled account [2046188739676782592] does not have any credits to fulfill this request.
2026-06-24 22:17:04,949 | WARNING | Rate limit exceeded. Sleeping for 743 seconds.
2026-06-24 22:29:28,700 | ERROR | Account Error ADMupdates: 402 Payment Required
Your enrolled account [2046188739676782592] does not have any credits to fulfill this request.
2026-06-24 22:29:28,962 | ERROR | Account Error CHSInc: 402 Payment Required
Your enrolled account [2046188739676782592] does not have any credits to fulfill this request.
2026-06-24 22:29:29,359 | ERROR | Account Error Cargill: 402 Payment Required
Your enrolled account [2046188739676782592] does not have any credits to fulfill this request.
2026-06-24 22:29:44,624 | ERROR | Account Error kannbwx: 402 Payment Required
Your enrolled account [2046188739676782592] does not have any credits to fulfill this request.
2026-06-24 22:29:44,893 | ERROR | Account Error SUNSEEDMAN: 402 Payment Required
Your enrolled account [2046188739676782592] does not have any credits to fulfill this request.
2026-06-24 22:29:45,142 | ERROR | Account Error mkt_intl: 402 Payment Required
Your enrolled account [2046188739676782592] does not have any credits to fulfill this request.
2026-06-24 22:29:45,409 | ERROR | Account Error FarmPolicy: 402 Payment Required
Your enrolled account [2046188739676782592] does not have any credits to fulfill this request.
2026-06-24 22:29:45,659 | ERROR | Account Error CropProphet: 402 Payment Required
Your enrolled account [2046188739676782592] does not have any credits to fulfill this request.
2026-06-24 22:29:45,909 | ERROR | Account Error USDA: 402 Payment Required
Your enrolled account [2046188739676782592] does not have any credits to fulfill this request.
2026-06-24 22:29:46,176 | ERROR | Account Error usda_nass: 402 Payment Required
Your enrolled account [2046188739676782592] does not have any credits to fulfill this request.
2026-06-24 22:29:46,425 | ERROR | Account Error usda_fas: 402 Payment Required
Your enrolled account [2046188739676782592] does not have any credits to fulfill this request.
2026-06-24 22:29:46,677 | ERROR | Account Error NWS: 402 Payment Required
Your enrolled account [2046188739676782592] does not have any credits to fulfill this request.
2026-06-24 22:29:46,927 | ERROR | Account Error NOAAClimate: 402 Payment Required
Your enrolled account [2046188739676782592] does not have any credits to fulfill this request.
2026-06-24 22:29:47,170 | ERROR | Account Error CMEGroup: 402 Payment Required
Your enrolled account [2046188739676782592] does not have any credits to fulfill this request.
2026-06-24 22:29:47,410 | ERROR | Account Error ReutersAg: 402 Payment Required
Your enrolled account [2046188739676782592] does not have any credits to fulfill this request.
2026-06-24 22:29:47,674 | ERROR | Account Error WalterBloomberg: 402 Payment Required
Your enrolled account [2046188739676782592] does not have any credits to fulfill this request.
2026-06-24 22:29:47,943 | ERROR | Account Error financialjuice: 402 Payment Required
Your enrolled account [2046188739676782592] does not have any credits to fulfill this request.
2026-06-24 22:29:48,209 | ERROR | Account Error Barchart: 402 Payment Required
Your enrolled account [2046188739676782592] does not have any credits to fulfill this request.
2026-06-24 22:29:48,507 | ERROR | Account Error StoneXGroup: 402 Payment Required
Your enrolled account [2046188739676782592] does not have any credits to fulfill this request.
2026-06-24 22:29:48,789 | ERROR | Account Error ADMupdates: 402 Payment Required
Your enrolled account [2046188739676782592] does not have any credits to fulfill this request.
2026-06-24 22:29:49,073 | ERROR | Account Error CHSInc: 402 Payment Required
Your enrolled account [2046188739676782592] does not have any credits to fulfill this request.
2026-06-24 22:29:49,324 | ERROR | Account Error Cargill: 402 Payment Required
Your enrolled account [2046188739676782592] does not have any credits to fulfill this request.
2026-06-24 22:30:04,590 | ERROR | Account Error kannbwx: 402 Payment Required
Your enrolled account [2046188739676782592] does not have any credits to fulfill this request.
2026-06-24 22:30:04,845 | ERROR | Account Error SUNSEEDMAN: 402 Payment Required
Your enrolled account [2046188739676782592] does not have any credits to fulfill this request.
2026-06-24 22:30:05,119 | ERROR | Account Error mkt_intl: 402 Payment Required
Your enrolled account [2046188739676782592] does not have any credits to fulfill this request.
2026-06-24 22:30:05,383 | ERROR | Account Error FarmPolicy: 402 Payment Required
Your enrolled account [2046188739676782592] does not have any credits to fulfill this request.
2026-06-24 22:30:05,647 | ERROR | Account Error CropProphet: 402 Payment Required
Your enrolled account [2046188739676782592] does not have any credits to fulfill this request.
2026-06-24 22:30:05,904 | ERROR | Account Error USDA: 402 Payment Required
Your enrolled account [2046188739676782592] does not have any credits to fulfill this request.
2026-06-24 22:30:06,162 | ERROR | Account Error usda_nass: 402 Payment Required
Your enrolled account [2046188739676782592] does not have any credits to fulfill this request.
2026-06-24 22:30:06,427 | ERROR | Account Error usda_fas: 402 Payment Required
Your enrolled account [2046188739676782592] does not have any credits to fulfill this request.
2026-06-24 22:30:06,688 | ERROR | Account Error NWS: 402 Payment Required
Your enrolled account [2046188739676782592] does not have any credits to fulfill this request.
2026-06-24 22:30:06,939 | ERROR | Account Error NOAAClimate: 402 Payment Required
Your enrolled account [2046188739676782592] does not have any credits to fulfill this request.
2026-06-24 22:30:07,219 | ERROR | Account Error CMEGroup: 402 Payment Required
Your enrolled account [2046188739676782592] does not have any credits to fulfill this request.
2026-06-24 22:30:07,455 | ERROR | Account Error ReutersAg: 402 Payment Required
Your enrolled account [2046188739676782592] does not have any credits to fulfill this request.
2026-06-24 22:30:07,729 | ERROR | Account Error WalterBloomberg: 402 Payment Required
Your enrolled account [2046188739676782592] does not have any credits to fulfill this request.
2026-06-24 22:30:07,984 | ERROR | Account Error financialjuice: 402 Payment Required
Your enrolled account [2046188739676782592] does not have any credits to fulfill this request.
2026-06-24 22:30:08,396 | ERROR | Account Error Barchart: 402 Payment Required
Your enrolled account [2046188739676782592] does not have any credits to fulfill this request.
2026-06-24 22:30:08,642 | ERROR | Account Error StoneXGroup: 402 Payment Required
Your enrolled account [2046188739676782592] does not have any credits to fulfill this request.
2026-06-24 22:30:08,896 | ERROR | Account Error ADMupdates: 402 Payment Required
Your enrolled account [2046188739676782592] does not have any credits to fulfill this request.
2026-06-24 22:30:09,154 | ERROR | Account Error CHSInc: 402 Payment Required
Your enrolled account [2046188739676782592] does not have any credits to fulfill this request.
2026-06-24 22:30:09,405 | ERROR | Account Error Cargill: 402 Payment Required
Your enrolled account [2046188739676782592] does not have any credits to fulfill this request.
2026-06-24 22:30:24,667 | ERROR | Account Error kannbwx: 402 Payment Required
Your enrolled account [2046188739676782592] does not have any credits to fulfill this request.
2026-06-24 22:30:24,953 | ERROR | Account Error SUNSEEDMAN: 402 Payment Required
Your enrolled account [2046188739676782592] does not have any credits to fulfill this request.
2026-06-24 22:30:25,219 | ERROR | Account Error mkt_intl: 402 Payment Required
Your enrolled account [2046188739676782592] does not have any credits to fulfill this request.
2026-06-24 22:30:25,489 | ERROR | Account Error FarmPolicy: 402 Payment Required
Your enrolled account [2046188739676782592] does not have any credits to fulfill this request.
2026-06-24 22:30:25,742 | ERROR | Account Error CropProphet: 402 Payment Required
Your enrolled account [2046188739676782592] does not have any credits to fulfill this request.
2026-06-24 22:30:26,013 | ERROR | Account Error USDA: 402 Payment Required
Your enrolled account [2046188739676782592] does not have any credits to fulfill this request.
2026-06-24 22:30:26,267 | ERROR | Account Error usda_nass: 402 Payment Required
Your enrolled account [2046188739676782592] does not have any credits to fulfill this request.
2026-06-24 22:30:26,524 | ERROR | Account Error usda_fas: 402 Payment Required
Your enrolled account [2046188739676782592] does not have any credits to fulfill this request.
2026-06-24 22:30:26,806 | ERROR | Account Error NWS: 402 Payment Required
Your enrolled account [2046188739676782592] does not have any credits to fulfill this request.
2026-06-24 22:30:27,067 | ERROR | Account Error NOAAClimate: 402 Payment Required
Your enrolled account [2046188739676782592] does not have any credits to fulfill this request.
2026-06-24 22:30:27,342 | ERROR | Account Error CMEGroup: 402 Payment Required
Your enrolled account [2046188739676782592] does not have any credits to fulfill this request.
2026-06-24 22:30:27,607 | ERROR | Account Error ReutersAg: 402 Payment Required
Your enrolled account [2046188739676782592] does not have any credits to fulfill this request.
2026-06-24 22:30:27,857 | ERROR | Account Error WalterBloomberg: 402 Payment Required
Your enrolled account [2046188739676782592] does not have any credits to fulfill this request.
2026-06-24 22:30:28,137 | ERROR | Account Error financialjuice: 402 Payment Required
Your enrolled account [2046188739676782592] does not have any credits to fulfill this request.
2026-06-24 22:30:28,392 | ERROR | Account Error Barchart: 402 Payment Required
Your enrolled account [2046188739676782592] does not have any credits to fulfill this request.
2026-06-24 22:30:28,652 | ERROR | Account Error StoneXGroup: 402 Payment Required
Your enrolled account [2046188739676782592] does not have any credits to fulfill this request.
2026-06-24 22:30:28,927 | ERROR | Account Error ADMupdates: 402 Payment Required
Your enrolled account [2046188739676782592] does not have any credits to fulfill this request.
2026-06-24 22:30:29,207 | ERROR | Account Error CHSInc: 402 Payment Required
Your enrolled account [2046188739676782592] does not have any credits to fulfill this request.
2026-06-24 22:30:29,472 | ERROR | Account Error Cargill: 402 Payment Required
Your enrolled account [2046188739676782592] does not have any credits to fulfill this request.
2026-06-24 22:30:44,737 | ERROR | Account Error kannbwx: 402 Payment Required
Your enrolled account [2046188739676782592] does not have any credits to fulfill this request.
2026-06-24 22:30:44,991 | ERROR | Account Error SUNSEEDMAN: 402 Payment Required
Your enrolled account [2046188739676782592] does not have any credits to fulfill this request.
2026-06-24 22:30:45,227 | ERROR | Account Error mkt_intl: 402 Payment Required
Your enrolled account [2046188739676782592] does not have any credits to fulfill this request.
2026-06-24 22:30:45,482 | ERROR | Account Error FarmPolicy: 402 Payment Required
Your enrolled account [2046188739676782592] does not have any credits to fulfill this request.
2026-06-24 22:30:45,716 | ERROR | Account Error CropProphet: 402 Payment Required
Your enrolled account [2046188739676782592] does not have any credits to fulfill this request.
2026-06-24 22:30:45,986 | ERROR | Account Error USDA: 402 Payment Required
Your enrolled account [2046188739676782592] does not have any credits to fulfill this request.
2026-06-24 22:30:46,237 | ERROR | Account Error usda_nass: 402 Payment Required
Your enrolled account [2046188739676782592] does not have any credits to fulfill this request.
2026-06-24 22:30:46,484 | ERROR | Account Error usda_fas: 402 Payment Required
Your enrolled account [2046188739676782592] does not have any credits to fulfill this request.
2026-06-24 22:30:46,749 | ERROR | Account Error NWS: 402 Payment Required
Your enrolled account [2046188739676782592] does not have any credits to fulfill this request.
2026-06-24 22:30:47,016 | ERROR | Account Error NOAAClimate: 402 Payment Required
Your enrolled account [2046188739676782592] does not have any credits to fulfill this request.
2026-06-24 22:30:47,253 | ERROR | Account Error CMEGroup: 402 Payment Required
Your enrolled account [2046188739676782592] does not have any credits to fulfill this request.
2026-06-24 22:30:47,510 | ERROR | Account Error ReutersAg: 402 Payment Required
Your enrolled account [2046188739676782592] does not have any credits to fulfill this request.
2026-06-24 22:30:47,793 | ERROR | Account Error WalterBloomberg: 402 Payment Required
Your enrolled account [2046188739676782592] does not have any credits to fulfill this request.
2026-06-24 22:30:48,198 | ERROR | Account Error financialjuice: 402 Payment Required
Your enrolled account [2046188739676782592] does not have any credits to fulfill this request.
2026-06-24 22:30:48,462 | ERROR | Account Error Barchart: 402 Payment Required
Your enrolled account [2046188739676782592] does not have any credits to fulfill this request.
2026-06-24 22:30:48,709 | ERROR | Account Error StoneXGroup: 402 Payment Required
Your enrolled account [2046188739676782592] does not have any credits to fulfill this request.
2026-06-24 22:30:48,954 | ERROR | Account Error ADMupdates: 402 Payment Required
Your enrolled account [2046188739676782592] does not have any credits to fulfill this request.
2026-06-24 22:30:49,210 | ERROR | Account Error CHSInc: 402 Payment Required
Your enrolled account [2046188739676782592] does not have any credits to fulfill this request.
2026-06-24 22:30:49,460 | ERROR | Account Error Cargill: 402 Payment Required
Your enrolled account [2046188739676782592] does not have any credits to fulfill this request.
2026-06-24 22:31:04,709 | ERROR | Account Error kannbwx: 402 Payment Required
Your enrolled account [2046188739676782592] does not have any credits to fulfill this request.
2026-06-24 22:31:04,960 | ERROR | Account Error SUNSEEDMAN: 402 Payment Required
Your enrolled account [2046188739676782592] does not have any credits to fulfill this request.
2026-06-24 22:31:05,206 | ERROR | Account Error mkt_intl: 402 Payment Required
Your enrolled account [2046188739676782592] does not have any credits to fulfill this request.
2026-06-24 22:31:05,479 | ERROR | Account Error FarmPolicy: 402 Payment Required
Your enrolled account [2046188739676782592] does not have any credits to fulfill this request.
2026-06-24 22:31:05,743 | ERROR | Account Error CropProphet: 402 Payment Required
Your enrolled account [2046188739676782592] does not have any credits to fulfill this request.
2026-06-24 22:31:06,005 | ERROR | Account Error USDA: 402 Payment Required
Your enrolled account [2046188739676782592] does not have any credits to fulfill this request.
2026-06-24 22:31:06,259 | ERROR | Account Error usda_nass: 402 Payment Required
Your enrolled account [2046188739676782592] does not have any credits to fulfill this request.
2026-06-24 22:31:06,534 | ERROR | Account Error usda_fas: 402 Payment Required
Your enrolled account [2046188739676782592] does not have any credits to fulfill this request.
2026-06-24 22:31:06,790 | ERROR | Account Error NWS: 402 Payment Required
Your enrolled account [2046188739676782592] does not have any credits to fulfill this request.
2026-06-24 22:31:07,059 | ERROR | Account Error NOAAClimate: 402 Payment Required
Your enrolled account [2046188739676782592] does not have any credits to fulfill this request.
2026-06-24 22:31:07,313 | ERROR | Account Error CMEGroup: 402 Payment Required
Your enrolled account [2046188739676782592] does not have any credits to fulfill this request.
2026-06-24 22:31:07,574 | ERROR | Account Error ReutersAg: 402 Payment Required
Your enrolled account [2046188739676782592] does not have any credits to fulfill this request.
2026-06-24 22:31:07,821 | ERROR | Account Error WalterBloomberg: 402 Payment Required
Your enrolled account [2046188739676782592] does not have any credits to fulfill this request.
2026-06-24 22:31:08,098 | ERROR | Account Error financialjuice: 402 Payment Required
Your enrolled account [2046188739676782592] does not have any credits to fulfill this request.
2026-06-24 22:31:08,371 | ERROR | Account Error Barchart: 402 Payment Required
Your enrolled account [2046188739676782592] does not have any credits to fulfill this request.
2026-06-24 22:31:08,645 | ERROR | Account Error StoneXGroup: 402 Payment Required
Your enrolled account [2046188739676782592] does not have any credits to fulfill this request.
2026-06-24 22:31:08,920 | ERROR | Account Error ADMupdates: 402 Payment Required
Your enrolled account [2046188739676782592] does not have any credits to fulfill this request.
2026-06-24 22:31:09,157 | ERROR | Account Error CHSInc: 402 Payment Required
Your enrolled account [2046188739676782592] does not have any credits to fulfill this request.
2026-06-24 22:31:09,498 | ERROR | Account Error Cargill: 402 Payment Required
Your enrolled account [2046188739676782592] does not have any credits to fulfill this request.
2026-06-24 22:31:24,784 | ERROR | Account Error kannbwx: 402 Payment Required
Your enrolled account [2046188739676782592] does not have any credits to fulfill this request.
2026-06-24 22:31:25,054 | ERROR | Account Error SUNSEEDMAN: 402 Payment Required
Your enrolled account [2046188739676782592] does not have any credits to fulfill this request.
2026-06-24 22:31:25,322 | ERROR | Account Error mkt_intl: 402 Payment Required
Your enrolled account [2046188739676782592] does not have any credits to fulfill this request.
2026-06-24 22:31:25,585 | ERROR | Account Error FarmPolicy: 402 Payment Required
Your enrolled account [2046188739676782592] does not have any credits to fulfill this request.
2026-06-24 22:31:25,855 | ERROR | Account Error CropProphet: 402 Payment Required
Your enrolled account [2046188739676782592] does not have any credits to fulfill this request.
2026-06-24 22:31:26,135 | ERROR | Account Error USDA: 402 Payment Required
Your enrolled account [2046188739676782592] does not have any credits to fulfill this request.
2026-06-24 22:31:26,384 | ERROR | Account Error usda_nass: 402 Payment Required
Your enrolled account [2046188739676782592] does not have any credits to fulfill this request.
2026-06-24 22:31:26,630 | ERROR | Account Error usda_fas: 402 Payment Required
Your enrolled account [2046188739676782592] does not have any credits to fulfill this request.
2026-06-24 22:31:26,899 | ERROR | Account Error NWS: 402 Payment Required
Your enrolled account [2046188739676782592] does not have any credits to fulfill this request.
2026-06-24 22:31:27,183 | ERROR | Account Error NOAAClimate: 402 Payment Required
Your enrolled account [2046188739676782592] does not have any credits to fulfill this request.
2026-06-24 22:31:27,450 | ERROR | Account Error CMEGroup: 402 Payment Required
Your enrolled account [2046188739676782592] does not have any credits to fulfill this request.
2026-06-24 22:31:27,701 | ERROR | Account Error ReutersAg: 402 Payment Required
Your enrolled account [2046188739676782592] does not have any credits to fulfill this request.
2026-06-24 22:31:27,955 | ERROR | Account Error WalterBloomberg: 402 Payment Required
Your enrolled account [2046188739676782592] does not have any credits to fulfill this request.
2026-06-24 22:31:28,216 | ERROR | Account Error financialjuice: 402 Payment Required
Your enrolled account [2046188739676782592] does not have any credits to fulfill this request.
2026-06-24 22:31:28,468 | ERROR | Account Error Barchart: 402 Payment Required
Your enrolled account [2046188739676782592] does not have any credits to fulfill this request.
2026-06-24 22:31:28,733 | ERROR | Account Error StoneXGroup: 402 Payment Required
Your enrolled account [2046188739676782592] does not have any credits to fulfill this request.
2026-06-24 22:31:29,031 | ERROR | Account Error ADMupdates: 402 Payment Required
Your enrolled account [2046188739676782592] does not have any credits to fulfill this request.
2026-06-24 22:31:29,303 | ERROR | Account Error CHSInc: 402 Payment Required
Your enrolled account [2046188739676782592] does not have any credits to fulfill this request.
2026-06-24 22:31:29,545 | ERROR | Account Error Cargill: 402 Payment Required
Your enrolled account [2046188739676782592] does not have any credits to fulfill this request.
2026-06-24 22:31:44,796 | ERROR | Account Error kannbwx: 402 Payment Required
Your enrolled account [2046188739676782592] does not have any credits to fulfill this request.
2026-06-24 22:31:45,035 | ERROR | Account Error SUNSEEDMAN: 402 Payment Required
Your enrolled account [2046188739676782592] does not have any credits to fulfill this request.
2026-06-24 22:31:45,297 | ERROR | Account Error mkt_intl: 402 Payment Required
Your enrolled account [2046188739676782592] does not have any credits to fulfill this request.
2026-06-24 22:31:45,546 | ERROR | Account Error FarmPolicy: 402 Payment Required
Your enrolled account [2046188739676782592] does not have any credits to fulfill this request.
2026-06-24 22:31:45,799 | ERROR | Account Error CropProphet: 402 Payment Required
Your enrolled account [2046188739676782592] does not have any credits to fulfill this request.
2026-06-24 22:31:46,063 | ERROR | Account Error USDA: 402 Payment Required
Your enrolled account [2046188739676782592] does not have any credits to fulfill this request.
2026-06-24 22:31:46,343 | ERROR | Account Error usda_nass: 402 Payment Required
Your enrolled account [2046188739676782592] does not have any credits to fulfill this request.
2026-06-24 22:31:46,597 | ERROR | Account Error usda_fas: 402 Payment Required
Your enrolled account [2046188739676782592] does not have any credits to fulfill this request.
2026-06-24 22:31:46,861 | ERROR | Account Error NWS: 402 Payment Required
Your enrolled account [2046188739676782592] does not have any credits to fulfill this request.
2026-06-24 22:31:47,116 | ERROR | Account Error NOAAClimate: 402 Payment Required
Your enrolled account [2046188739676782592] does not have any credits to fulfill this request.
2026-06-24 22:31:47,362 | ERROR | Account Error CMEGroup: 402 Payment Required
Your enrolled account [2046188739676782592] does not have any credits to fulfill this request.
2026-06-24 22:31:47,629 | ERROR | Account Error ReutersAg: 402 Payment Required
Your enrolled account [2046188739676782592] does not have any credits to fulfill this request.
2026-06-24 22:31:47,901 | ERROR | Account Error WalterBloomberg: 402 Payment Required
Your enrolled account [2046188739676782592] does not have any credits to fulfill this request.
2026-06-24 22:31:48,160 | ERROR | Account Error financialjuice: 402 Payment Required
Your enrolled account [2046188739676782592] does not have any credits to fulfill this request.
2026-06-24 22:31:48,415 | ERROR | Account Error Barchart: 402 Payment Required
Your enrolled account [2046188739676782592] does not have any credits to fulfill this request.
2026-06-24 22:31:48,694 | ERROR | Account Error StoneXGroup: 402 Payment Required
Your enrolled account [2046188739676782592] does not have any credits to fulfill this request.
2026-06-24 22:31:48,930 | ERROR | Account Error ADMupdates: 402 Payment Required
Your enrolled account [2046188739676782592] does not have any credits to fulfill this request.
2026-06-24 22:31:49,179 | ERROR | Account Error CHSInc: 402 Payment Required
Your enrolled account [2046188739676782592] does not have any credits to fulfill this request.
2026-06-24 22:31:49,430 | ERROR | Account Error Cargill: 402 Payment Required
Your enrolled account [2046188739676782592] does not have any credits to fulfill this request.
2026-06-24 22:32:04,706 | ERROR | Account Error kannbwx: 402 Payment Required
Your enrolled account [2046188739676782592] does not have any credits to fulfill this request.
2026-06-24 22:32:04,943 | ERROR | Account Error SUNSEEDMAN: 402 Payment Required
Your enrolled account [2046188739676782592] does not have any credits to fulfill this request.
2026-06-24 22:32:05,211 | ERROR | Account Error mkt_intl: 402 Payment Required
Your enrolled account [2046188739676782592] does not have any credits to fulfill this request.
2026-06-24 22:32:05,480 | ERROR | Account Error FarmPolicy: 402 Payment Required
Your enrolled account [2046188739676782592] does not have any credits to fulfill this request.
2026-06-24 22:32:05,741 | ERROR | Account Error CropProphet: 402 Payment Required
Your enrolled account [2046188739676782592] does not have any credits to fulfill this request.
2026-06-24 22:32:05,993 | ERROR | Account Error USDA: 402 Payment Required
Your enrolled account [2046188739676782592] does not have any credits to fulfill this request.
2026-06-24 22:32:06,245 | ERROR | Account Error usda_nass: 402 Payment Required
Your enrolled account [2046188739676782592] does not have any credits to fulfill this request.
2026-06-24 22:32:06,491 | ERROR | Account Error usda_fas: 402 Payment Required
Your enrolled account [2046188739676782592] does not have any credits to fulfill this request.
2026-06-24 22:32:06,836 | ERROR | Account Error NWS: 402 Payment Required
Your enrolled account [2046188739676782592] does not have any credits to fulfill this request.
2026-06-24 22:32:07,075 | ERROR | Account Error NOAAClimate: 402 Payment Required
Your enrolled account [2046188739676782592] does not have any credits to fulfill this request.
2026-06-24 22:32:07,339 | ERROR | Account Error CMEGroup: 402 Payment Required
Your enrolled account [2046188739676782592] does not have any credits to fulfill this request.
2026-06-24 22:32:07,594 | ERROR | Account Error ReutersAg: 402 Payment Required
Your enrolled account [2046188739676782592] does not have any credits to fulfill this request.
2026-06-24 22:32:07,856 | ERROR | Account Error WalterBloomberg: 402 Payment Required
Your enrolled account [2046188739676782592] does not have any credits to fulfill this request.
2026-06-24 22:32:08,123 | ERROR | Account Error financialjuice: 402 Payment Required
Your enrolled account [2046188739676782592] does not have any credits to fulfill this request.
2026-06-24 22:32:08,374 | ERROR | Account Error Barchart: 402 Payment Required
Your enrolled account [2046188739676782592] does not have any credits to fulfill this request.
2026-06-24 22:32:08,624 | WARNING | Rate limit exceeded. Sleeping for 742 seconds.
2026-06-24 22:44:31,506 | ERROR | Account Error StoneXGroup: 402 Payment Required
Your enrolled account [2046188739676782592] does not have any credits to fulfill this request.
2026-06-24 22:44:32,121 | ERROR | Account Error ADMupdates: 402 Payment Required
Your enrolled account [2046188739676782592] does not have any credits to fulfill this request.
2026-06-24 22:44:32,486 | ERROR | Account Error CHSInc: 402 Payment Required
Your enrolled account [2046188739676782592] does not have any credits to fulfill this request.
2026-06-24 22:44:32,852 | ERROR | Account Error Cargill: 402 Payment Required
Your enrolled account [2046188739676782592] does not have any credits to fulfill this request.
2026-06-24 22:44:48,230 | ERROR | Account Error kannbwx: 402 Payment Required
Your enrolled account [2046188739676782592] does not have any credits to fulfill this request.
2026-06-24 22:44:48,709 | ERROR | Account Error SUNSEEDMAN: 402 Payment Required
Your enrolled account [2046188739676782592] does not have any credits to fulfill this request.
2026-06-24 22:44:49,049 | ERROR | Account Error mkt_intl: 402 Payment Required
Your enrolled account [2046188739676782592] does not have any credits to fulfill this request.
2026-06-24 22:44:49,522 | ERROR | Account Error FarmPolicy: 402 Payment Required
Your enrolled account [2046188739676782592] does not have any credits to fulfill this request.
2026-06-24 22:44:49,917 | ERROR | Account Error CropProphet: 402 Payment Required
Your enrolled account [2046188739676782592] does not have any credits to fulfill this request.
2026-06-24 22:44:50,276 | ERROR | Account Error USDA: 402 Payment Required
Your enrolled account [2046188739676782592] does not have any credits to fulfill this request.
2026-06-24 22:44:50,646 | ERROR | Account Error usda_nass: 402 Payment Required
Your enrolled account [2046188739676782592] does not have any credits to fulfill this request.
2026-06-24 22:44:51,000 | ERROR | Account Error usda_fas: 402 Payment Required
Your enrolled account [2046188739676782592] does not have any credits to fulfill this request.
2026-06-24 22:44:51,379 | ERROR | Account Error NWS: 402 Payment Required
Your enrolled account [2046188739676782592] does not have any credits to fulfill this request.
2026-06-24 22:44:51,761 | ERROR | Account Error NOAAClimate: 402 Payment Required
Your enrolled account [2046188739676782592] does not have any credits to fulfill this request.
2026-06-24 22:44:52,146 | ERROR | Account Error CMEGroup: 402 Payment Required
Your enrolled account [2046188739676782592] does not have any credits to fulfill this request.
2026-06-24 22:44:52,531 | ERROR | Account Error ReutersAg: 402 Payment Required
Your enrolled account [2046188739676782592] does not have any credits to fulfill this request.
2026-06-24 22:44:52,880 | ERROR | Account Error WalterBloomberg: 402 Payment Required
Your enrolled account [2046188739676782592] does not have any credits to fulfill this request.
2026-06-24 22:44:53,231 | ERROR | Account Error financialjuice: 402 Payment Required
Your enrolled account [2046188739676782592] does not have any credits to fulfill this request.
2026-06-24 22:44:53,582 | ERROR | Account Error Barchart: 402 Payment Required
Your enrolled account [2046188739676782592] does not have any credits to fulfill this request.
2026-06-24 22:44:54,071 | ERROR | Account Error StoneXGroup: 402 Payment Required
Your enrolled account [2046188739676782592] does not have any credits to fulfill this request.
2026-06-24 22:44:54,429 | ERROR | Account Error ADMupdates: 402 Payment Required
Your enrolled account [2046188739676782592] does not have any credits to fulfill this request.
2026-06-24 22:44:54,796 | ERROR | Account Error CHSInc: 402 Payment Required
Your enrolled account [2046188739676782592] does not have any credits to fulfill this request.
2026-06-24 22:44:55,179 | ERROR | Account Error Cargill: 402 Payment Required
Your enrolled account [2046188739676782592] does not have any credits to fulfill this request.
2026-06-24 22:45:10,544 | ERROR | Account Error kannbwx: 402 Payment Required
Your enrolled account [2046188739676782592] does not have any credits to fulfill this request.
2026-06-24 22:45:10,911 | ERROR | Account Error SUNSEEDMAN: 402 Payment Required
Your enrolled account [2046188739676782592] does not have any credits to fulfill this request.
2026-06-24 22:45:11,293 | ERROR | Account Error mkt_intl: 402 Payment Required
Your enrolled account [2046188739676782592] does not have any credits to fulfill this request.
2026-06-24 22:45:11,659 | ERROR | Account Error FarmPolicy: 402 Payment Required
Your enrolled account [2046188739676782592] does not have any credits to fulfill this request.
2026-06-24 22:45:12,011 | ERROR | Account Error CropProphet: 402 Payment Required
Your enrolled account [2046188739676782592] does not have any credits to fulfill this request.
2026-06-24 22:45:12,470 | ERROR | Account Error USDA: 402 Payment Required
Your enrolled account [2046188739676782592] does not have any credits to fulfill this request.
2026-06-24 22:45:12,803 | ERROR | Account Error usda_nass: 402 Payment Required
Your enrolled account [2046188739676782592] does not have any credits to fulfill this request.
2026-06-24 22:45:13,286 | ERROR | Account Error usda_fas: 402 Payment Required
Your enrolled account [2046188739676782592] does not have any credits to fulfill this request.
2026-06-24 22:45:13,771 | ERROR | Account Error NWS: 402 Payment Required
Your enrolled account [2046188739676782592] does not have any credits to fulfill this request.
2026-06-24 22:45:14,156 | ERROR | Account Error NOAAClimate: 402 Payment Required
Your enrolled account [2046188739676782592] does not have any credits to fulfill this request.
2026-06-24 22:45:14,524 | ERROR | Account Error CMEGroup: 402 Payment Required
Your enrolled account [2046188739676782592] does not have any credits to fulfill this request.
2026-06-24 22:45:14,876 | ERROR | Account Error ReutersAg: 402 Payment Required
Your enrolled account [2046188739676782592] does not have any credits to fulfill this request.
2026-06-24 22:45:15,209 | ERROR | Account Error WalterBloomberg: 402 Payment Required
Your enrolled account [2046188739676782592] does not have any credits to fulfill this request.
2026-06-24 22:45:15,668 | ERROR | Account Error financialjuice: 402 Payment Required
Your enrolled account [2046188739676782592] does not have any credits to fulfill this request.
2026-06-24 22:45:16,118 | ERROR | Account Error Barchart: 402 Payment Required
Your enrolled account [2046188739676782592] does not have any credits to fulfill this request.
2026-06-24 22:45:16,506 | ERROR | Account Error StoneXGroup: 402 Payment Required
Your enrolled account [2046188739676782592] does not have any credits to fulfill this request.
2026-06-24 22:45:16,874 | ERROR | Account Error ADMupdates: 402 Payment Required
Your enrolled account [2046188739676782592] does not have any credits to fulfill this request.
2026-06-24 22:45:17,257 | ERROR | Account Error CHSInc: 402 Payment Required
Your enrolled account [2046188739676782592] does not have any credits to fulfill this request.
2026-06-24 22:45:17,638 | ERROR | Account Error Cargill: 402 Payment Required
Your enrolled account [2046188739676782592] does not have any credits to fulfill this request.
2026-06-24 22:45:33,020 | ERROR | Account Error kannbwx: 402 Payment Required
Your enrolled account [2046188739676782592] does not have any credits to fulfill this request.
2026-06-24 22:45:33,434 | ERROR | Account Error SUNSEEDMAN: 402 Payment Required
Your enrolled account [2046188739676782592] does not have any credits to fulfill this request.
2026-06-24 22:45:33,806 | ERROR | Account Error mkt_intl: 402 Payment Required
Your enrolled account [2046188739676782592] does not have any credits to fulfill this request.
2026-06-24 22:45:34,264 | ERROR | Account Error FarmPolicy: 402 Payment Required
Your enrolled account [2046188739676782592] does not have any credits to fulfill this request.
2026-06-24 22:45:34,651 | ERROR | Account Error CropProphet: 402 Payment Required
Your enrolled account [2046188739676782592] does not have any credits to fulfill this request.
2026-06-24 22:45:35,129 | ERROR | Account Error USDA: 402 Payment Required
Your enrolled account [2046188739676782592] does not have any credits to fulfill this request.
2026-06-24 22:45:35,506 | ERROR | Account Error usda_nass: 402 Payment Required
Your enrolled account [2046188739676782592] does not have any credits to fulfill this request.
2026-06-24 22:45:35,871 | ERROR | Account Error usda_fas: 402 Payment Required
Your enrolled account [2046188739676782592] does not have any credits to fulfill this request.
2026-06-24 22:45:36,222 | ERROR | Account Error NWS: 402 Payment Required
Your enrolled account [2046188739676782592] does not have any credits to fulfill this request.
2026-06-24 22:45:36,603 | ERROR | Account Error NOAAClimate: 402 Payment Required
Your enrolled account [2046188739676782592] does not have any credits to fulfill this request.
2026-06-24 22:45:37,077 | ERROR | Account Error CMEGroup: 402 Payment Required
Your enrolled account [2046188739676782592] does not have any credits to fulfill this request.
2026-06-24 22:45:37,439 | ERROR | Account Error ReutersAg: 402 Payment Required
Your enrolled account [2046188739676782592] does not have any credits to fulfill this request.
2026-06-24 22:45:37,802 | ERROR | Account Error WalterBloomberg: 402 Payment Required
Your enrolled account [2046188739676782592] does not have any credits to fulfill this request.
2026-06-24 22:45:38,154 | ERROR | Account Error financialjuice: 402 Payment Required
Your enrolled account [2046188739676782592] does not have any credits to fulfill this request.
2026-06-24 22:45:38,533 | ERROR | Account Error Barchart: 402 Payment Required
Your enrolled account [2046188739676782592] does not have any credits to fulfill this request.
2026-06-24 22:45:38,905 | ERROR | Account Error StoneXGroup: 402 Payment Required
Your enrolled account [2046188739676782592] does not have any credits to fulfill this request.
2026-06-24 22:45:39,379 | ERROR | Account Error ADMupdates: 402 Payment Required
Your enrolled account [2046188739676782592] does not have any credits to fulfill this request.
2026-06-24 22:45:39,728 | ERROR | Account Error CHSInc: 402 Payment Required
Your enrolled account [2046188739676782592] does not have any credits to fulfill this request.
2026-06-24 22:45:40,089 | ERROR | Account Error Cargill: 402 Payment Required
Your enrolled account [2046188739676782592] does not have any credits to fulfill this request.
2026-06-24 22:45:55,542 | ERROR | Account Error kannbwx: 402 Payment Required
Your enrolled account [2046188739676782592] does not have any credits to fulfill this request.
2026-06-24 22:45:55,930 | ERROR | Account Error SUNSEEDMAN: 402 Payment Required
Your enrolled account [2046188739676782592] does not have any credits to fulfill this request.
2026-06-24 22:45:56,376 | ERROR | Account Error mkt_intl: 402 Payment Required
Your enrolled account [2046188739676782592] does not have any credits to fulfill this request.
2026-06-24 22:45:56,858 | ERROR | Account Error FarmPolicy: 402 Payment Required
Your enrolled account [2046188739676782592] does not have any credits to fulfill this request.
2026-06-24 22:45:57,324 | ERROR | Account Error CropProphet: 402 Payment Required
Your enrolled account [2046188739676782592] does not have any credits to fulfill this request.
2026-06-24 22:45:57,696 | ERROR | Account Error USDA: 402 Payment Required
Your enrolled account [2046188739676782592] does not have any credits to fulfill this request.
2026-06-24 22:45:58,049 | ERROR | Account Error usda_nass: 402 Payment Required
Your enrolled account [2046188739676782592] does not have any credits to fulfill this request.
2026-06-24 22:45:58,431 | ERROR | Account Error usda_fas: 402 Payment Required
Your enrolled account [2046188739676782592] does not have any credits to fulfill this request.
2026-06-24 22:45:58,908 | ERROR | Account Error NWS: 402 Payment Required
Your enrolled account [2046188739676782592] does not have any credits to fulfill this request.
2026-06-24 22:45:59,327 | ERROR | Account Error NOAAClimate: 402 Payment Required
Your enrolled account [2046188739676782592] does not have any credits to fulfill this request.
2026-06-24 22:45:59,765 | ERROR | Account Error CMEGroup: 402 Payment Required
Your enrolled account [2046188739676782592] does not have any credits to fulfill this request.
2026-06-24 22:46:00,103 | ERROR | Account Error ReutersAg: 402 Payment Required
Your enrolled account [2046188739676782592] does not have any credits to fulfill this request.
2026-06-24 22:46:00,465 | ERROR | Account Error WalterBloomberg: 402 Payment Required
Your enrolled account [2046188739676782592] does not have any credits to fulfill this request.
2026-06-24 22:46:00,814 | ERROR | Account Error financialjuice: 402 Payment Required
Your enrolled account [2046188739676782592] does not have any credits to fulfill this request.
2026-06-24 22:46:01,180 | ERROR | Account Error Barchart: 402 Payment Required
Your enrolled account [2046188739676782592] does not have any credits to fulfill this request.
2026-06-24 22:46:01,539 | ERROR | Account Error StoneXGroup: 402 Payment Required
Your enrolled account [2046188739676782592] does not have any credits to fulfill this request.
2026-06-24 22:46:01,928 | ERROR | Account Error ADMupdates: 402 Payment Required
Your enrolled account [2046188739676782592] does not have any credits to fulfill this request.
2026-06-24 22:46:02,389 | ERROR | Account Error CHSInc: 402 Payment Required
Your enrolled account [2046188739676782592] does not have any credits to fulfill this request.
2026-06-24 22:46:02,780 | ERROR | Account Error Cargill: 402 Payment Required
Your enrolled account [2046188739676782592] does not have any credits to fulfill this request.
2026-06-24 22:46:18,176 | ERROR | Account Error kannbwx: 402 Payment Required
Your enrolled account [2046188739676782592] does not have any credits to fulfill this request.
2026-06-24 22:46:18,557 | ERROR | Account Error SUNSEEDMAN: 402 Payment Required
Your enrolled account [2046188739676782592] does not have any credits to fulfill this request.
2026-06-24 22:46:18,896 | ERROR | Account Error mkt_intl: 402 Payment Required
Your enrolled account [2046188739676782592] does not have any credits to fulfill this request.
2026-06-24 22:46:19,368 | ERROR | Account Error FarmPolicy: 402 Payment Required
Your enrolled account [2046188739676782592] does not have any credits to fulfill this request.
2026-06-24 22:46:19,710 | ERROR | Account Error CropProphet: 402 Payment Required
Your enrolled account [2046188739676782592] does not have any credits to fulfill this request.
2026-06-24 22:46:20,069 | ERROR | Account Error USDA: 402 Payment Required
Your enrolled account [2046188739676782592] does not have any credits to fulfill this request.
2026-06-24 22:46:20,442 | ERROR | Account Error usda_nass: 402 Payment Required
Your enrolled account [2046188739676782592] does not have any credits to fulfill this request.
2026-06-24 22:46:20,807 | ERROR | Account Error usda_fas: 402 Payment Required
Your enrolled account [2046188739676782592] does not have any credits to fulfill this request.
2026-06-24 22:46:21,191 | ERROR | Account Error NWS: 402 Payment Required
Your enrolled account [2046188739676782592] does not have any credits to fulfill this request.
2026-06-24 22:46:21,576 | ERROR | Account Error NOAAClimate: 402 Payment Required
Your enrolled account [2046188739676782592] does not have any credits to fulfill this request.
2026-06-24 22:46:21,940 | ERROR | Account Error CMEGroup: 402 Payment Required
Your enrolled account [2046188739676782592] does not have any credits to fulfill this request.
2026-06-24 22:46:22,322 | ERROR | Account Error ReutersAg: 402 Payment Required
Your enrolled account [2046188739676782592] does not have any credits to fulfill this request.
2026-06-24 22:46:22,705 | ERROR | Account Error WalterBloomberg: 402 Payment Required
Your enrolled account [2046188739676782592] does not have any credits to fulfill this request.
2026-06-24 22:46:23,153 | ERROR | Account Error financialjuice: 402 Payment Required
Your enrolled account [2046188739676782592] does not have any credits to fulfill this request.
2026-06-24 22:46:23,524 | ERROR | Account Error Barchart: 402 Payment Required
Your enrolled account [2046188739676782592] does not have any credits to fulfill this request.
2026-06-24 22:46:23,925 | ERROR | Account Error StoneXGroup: 402 Payment Required
Your enrolled account [2046188739676782592] does not have any credits to fulfill this request.
2026-06-24 22:46:24,274 | ERROR | Account Error ADMupdates: 402 Payment Required
Your enrolled account [2046188739676782592] does not have any credits to fulfill this request.
2026-06-24 22:46:24,735 | ERROR | Account Error CHSInc: 402 Payment Required
Your enrolled account [2046188739676782592] does not have any credits to fulfill this request.
2026-06-24 22:46:25,220 | ERROR | Account Error Cargill: 402 Payment Required
Your enrolled account [2046188739676782592] does not have any credits to fulfill this request.
2026-06-24 22:46:40,602 | ERROR | Account Error kannbwx: 402 Payment Required
Your enrolled account [2046188739676782592] does not have any credits to fulfill this request.
2026-06-24 22:46:40,955 | ERROR | Account Error SUNSEEDMAN: 402 Payment Required
Your enrolled account [2046188739676782592] does not have any credits to fulfill this request.
2026-06-24 22:46:41,351 | ERROR | Account Error mkt_intl: 402 Payment Required
Your enrolled account [2046188739676782592] does not have any credits to fulfill this request.
2026-06-24 22:46:41,708 | ERROR | Account Error FarmPolicy: 402 Payment Required
Your enrolled account [2046188739676782592] does not have any credits to fulfill this request.
2026-06-24 22:46:42,055 | ERROR | Account Error CropProphet: 402 Payment Required
Your enrolled account [2046188739676782592] does not have any credits to fulfill this request.
2026-06-24 22:46:42,403 | ERROR | Account Error USDA: 402 Payment Required
Your enrolled account [2046188739676782592] does not have any credits to fulfill this request.
2026-06-24 22:46:42,755 | ERROR | Account Error usda_nass: 402 Payment Required
Your enrolled account [2046188739676782592] does not have any credits to fulfill this request.
2026-06-24 22:46:43,120 | ERROR | Account Error usda_fas: 402 Payment Required
Your enrolled account [2046188739676782592] does not have any credits to fulfill this request.
2026-06-24 22:46:43,518 | ERROR | Account Error NWS: 402 Payment Required
Your enrolled account [2046188739676782592] does not have any credits to fulfill this request.
2026-06-24 22:46:43,889 | ERROR | Account Error NOAAClimate: 402 Payment Required
Your enrolled account [2046188739676782592] does not have any credits to fulfill this request.
2026-06-24 22:46:44,287 | ERROR | Account Error CMEGroup: 402 Payment Required
Your enrolled account [2046188739676782592] does not have any credits to fulfill this request.
2026-06-24 22:46:44,622 | ERROR | Account Error ReutersAg: 402 Payment Required
Your enrolled account [2046188739676782592] does not have any credits to fulfill this request.
2026-06-24 22:46:45,080 | ERROR | Account Error WalterBloomberg: 402 Payment Required
Your enrolled account [2046188739676782592] does not have any credits to fulfill this request.
2026-06-24 22:46:45,435 | ERROR | Account Error financialjuice: 402 Payment Required
Your enrolled account [2046188739676782592] does not have any credits to fulfill this request.
2026-06-24 22:46:45,790 | ERROR | Account Error Barchart: 402 Payment Required
Your enrolled account [2046188739676782592] does not have any credits to fulfill this request.
2026-06-24 22:46:46,156 | ERROR | Account Error StoneXGroup: 402 Payment Required
Your enrolled account [2046188739676782592] does not have any credits to fulfill this request.
2026-06-24 22:46:46,629 | ERROR | Account Error ADMupdates: 402 Payment Required
Your enrolled account [2046188739676782592] does not have any credits to fulfill this request.
2026-06-24 22:46:47,005 | ERROR | Account Error CHSInc: 402 Payment Required
Your enrolled account [2046188739676782592] does not have any credits to fulfill this request.
2026-06-24 22:46:47,386 | ERROR | Account Error Cargill: 402 Payment Required
Your enrolled account [2046188739676782592] does not have any credits to fulfill this request.
2026-06-24 22:47:02,749 | ERROR | Account Error kannbwx: 402 Payment Required
Your enrolled account [2046188739676782592] does not have any credits to fulfill this request.
2026-06-24 22:47:03,212 | ERROR | Account Error SUNSEEDMAN: 402 Payment Required
Your enrolled account [2046188739676782592] does not have any credits to fulfill this request.
2026-06-24 22:47:03,581 | ERROR | Account Error mkt_intl: 402 Payment Required
Your enrolled account [2046188739676782592] does not have any credits to fulfill this request.
2026-06-24 22:47:04,059 | ERROR | Account Error FarmPolicy: 402 Payment Required
Your enrolled account [2046188739676782592] does not have any credits to fulfill this request.
2026-06-24 22:47:04,420 | ERROR | Account Error CropProphet: 402 Payment Required
Your enrolled account [2046188739676782592] does not have any credits to fulfill this request.
2026-06-24 22:47:04,812 | ERROR | Account Error USDA: 402 Payment Required
Your enrolled account [2046188739676782592] does not have any credits to fulfill this request.
2026-06-24 22:47:05,181 | ERROR | Account Error usda_nass: 402 Payment Required
Your enrolled account [2046188739676782592] does not have any credits to fulfill this request.
2026-06-24 22:47:05,531 | ERROR | Account Error usda_fas: 402 Payment Required
Your enrolled account [2046188739676782592] does not have any credits to fulfill this request.
2026-06-24 22:47:05,849 | ERROR | Account Error NWS: 402 Payment Required
Your enrolled account [2046188739676782592] does not have any credits to fulfill this request.
2026-06-24 22:47:06,202 | ERROR | Account Error NOAAClimate: 402 Payment Required
Your enrolled account [2046188739676782592] does not have any credits to fulfill this request.
2026-06-24 22:47:06,564 | ERROR | Account Error CMEGroup: 402 Payment Required
Your enrolled account [2046188739676782592] does not have any credits to fulfill this request.
2026-06-24 22:47:06,930 | ERROR | Account Error ReutersAg: 402 Payment Required
Your enrolled account [2046188739676782592] does not have any credits to fulfill this request.
2026-06-24 22:47:07,297 | ERROR | Account Error WalterBloomberg: 402 Payment Required
Your enrolled account [2046188739676782592] does not have any credits to fulfill this request.
2026-06-24 22:47:07,680 | ERROR | Account Error financialjuice: 402 Payment Required
Your enrolled account [2046188739676782592] does not have any credits to fulfill this request.
2026-06-24 22:47:08,063 | ERROR | Account Error Barchart: 402 Payment Required
Your enrolled account [2046188739676782592] does not have any credits to fulfill this request.
2026-06-24 22:47:08,549 | ERROR | Account Error StoneXGroup: 402 Payment Required
Your enrolled account [2046188739676782592] does not have any credits to fulfill this request.
2026-06-24 22:47:08,916 | ERROR | Account Error ADMupdates: 402 Payment Required
Your enrolled account [2046188739676782592] does not have any credits to fulfill this request.
2026-06-24 22:47:09,250 | ERROR | Account Error CHSInc: 402 Payment Required
Your enrolled account [2046188739676782592] does not have any credits to fulfill this request.
2026-06-24 22:47:09,602 | ERROR | Account Error Cargill: 402 Payment Required
Your enrolled account [2046188739676782592] does not have any credits to fulfill this request.
2026-06-24 22:47:25,075 | ERROR | Account Error kannbwx: 402 Payment Required
Your enrolled account [2046188739676782592] does not have any credits to fulfill this request.
2026-06-24 22:47:25,428 | ERROR | Account Error SUNSEEDMAN: 402 Payment Required
Your enrolled account [2046188739676782592] does not have any credits to fulfill this request.
2026-06-24 22:47:25,794 | ERROR | Account Error mkt_intl: 402 Payment Required
Your enrolled account [2046188739676782592] does not have any credits to fulfill this request.
2026-06-24 22:47:26,159 | ERROR | Account Error FarmPolicy: 402 Payment Required
Your enrolled account [2046188739676782592] does not have any credits to fulfill this request.
2026-06-24 22:47:26,527 | ERROR | Account Error CropProphet: 402 Payment Required
Your enrolled account [2046188739676782592] does not have any credits to fulfill this request.
2026-06-24 22:47:26,987 | ERROR | Account Error USDA: 402 Payment Required
Your enrolled account [2046188739676782592] does not have any credits to fulfill this request.
2026-06-24 22:47:27,373 | ERROR | Account Error usda_nass: 402 Payment Required
Your enrolled account [2046188739676782592] does not have any credits to fulfill this request.
2026-06-24 22:47:27,838 | ERROR | Account Error usda_fas: 402 Payment Required
Your enrolled account [2046188739676782592] does not have any credits to fulfill this request.
2026-06-24 22:47:28,192 | ERROR | Account Error NWS: 402 Payment Required
Your enrolled account [2046188739676782592] does not have any credits to fulfill this request.
2026-06-24 22:47:28,574 | ERROR | Account Error NOAAClimate: 402 Payment Required
Your enrolled account [2046188739676782592] does not have any credits to fulfill this request.
2026-06-24 22:47:29,019 | ERROR | Account Error CMEGroup: 402 Payment Required
Your enrolled account [2046188739676782592] does not have any credits to fulfill this request.
2026-06-24 22:47:29,395 | ERROR | Account Error ReutersAg: 402 Payment Required
Your enrolled account [2046188739676782592] does not have any credits to fulfill this request.
2026-06-24 22:47:29,855 | ERROR | Account Error WalterBloomberg: 402 Payment Required
Your enrolled account [2046188739676782592] does not have any credits to fulfill this request.
2026-06-24 22:47:30,225 | ERROR | Account Error financialjuice: 402 Payment Required
Your enrolled account [2046188739676782592] does not have any credits to fulfill this request.
2026-06-24 22:47:30,562 | WARNING | Rate limit exceeded. Sleeping for 723 seconds.
2026-06-24 22:59:34,422 | ERROR | Account Error Barchart: 402 Payment Required
Your enrolled account [2046188739676782592] does not have any credits to fulfill this request.
2026-06-24 22:59:34,894 | ERROR | Account Error StoneXGroup: 402 Payment Required
Your enrolled account [2046188739676782592] does not have any credits to fulfill this request.
2026-06-24 22:59:35,248 | ERROR | Account Error ADMupdates: 402 Payment Required
Your enrolled account [2046188739676782592] does not have any credits to fulfill this request.
2026-06-24 22:59:35,712 | ERROR | Account Error CHSInc: 402 Payment Required
Your enrolled account [2046188739676782592] does not have any credits to fulfill this request.
2026-06-24 22:59:36,100 | ERROR | Account Error Cargill: 402 Payment Required
Your enrolled account [2046188739676782592] does not have any credits to fulfill this request.
2026-06-24 22:59:51,476 | ERROR | Account Error kannbwx: 402 Payment Required
Your enrolled account [2046188739676782592] does not have any credits to fulfill this request.
2026-06-24 22:59:51,875 | ERROR | Account Error SUNSEEDMAN: 402 Payment Required
Your enrolled account [2046188739676782592] does not have any credits to fulfill this request.
2026-06-24 22:59:52,369 | ERROR | Account Error mkt_intl: 402 Payment Required
Your enrolled account [2046188739676782592] does not have any credits to fulfill this request.
2026-06-24 22:59:52,758 | ERROR | Account Error FarmPolicy: 402 Payment Required
Your enrolled account [2046188739676782592] does not have any credits to fulfill this request.
2026-06-24 22:59:53,204 | ERROR | Account Error CropProphet: 402 Payment Required
Your enrolled account [2046188739676782592] does not have any credits to fulfill this request.
2026-06-24 22:59:53,547 | ERROR | Account Error USDA: 402 Payment Required
Your enrolled account [2046188739676782592] does not have any credits to fulfill this request.
2026-06-24 22:59:53,911 | ERROR | Account Error usda_nass: 402 Payment Required
Your enrolled account [2046188739676782592] does not have any credits to fulfill this request.
2026-06-24 22:59:54,275 | ERROR | Account Error usda_fas: 402 Payment Required
Your enrolled account [2046188739676782592] does not have any credits to fulfill this request.
2026-06-24 22:59:54,644 | ERROR | Account Error NWS: 402 Payment Required
Your enrolled account [2046188739676782592] does not have any credits to fulfill this request.
2026-06-24 22:59:55,025 | ERROR | Account Error NOAAClimate: 402 Payment Required
Your enrolled account [2046188739676782592] does not have any credits to fulfill this request.
2026-06-24 22:59:55,408 | ERROR | Account Error CMEGroup: 402 Payment Required
Your enrolled account [2046188739676782592] does not have any credits to fulfill this request.
2026-06-24 22:59:55,791 | ERROR | Account Error ReutersAg: 402 Payment Required
Your enrolled account [2046188739676782592] does not have any credits to fulfill this request.
2026-06-24 22:59:56,175 | ERROR | Account Error WalterBloomberg: 402 Payment Required
Your enrolled account [2046188739676782592] does not have any credits to fulfill this request.
2026-06-24 22:59:56,543 | ERROR | Account Error financialjuice: 402 Payment Required
Your enrolled account [2046188739676782592] does not have any credits to fulfill this request.
2026-06-24 22:59:56,908 | ERROR | Account Error Barchart: 402 Payment Required
Your enrolled account [2046188739676782592] does not have any credits to fulfill this request.
2026-06-24 22:59:57,261 | ERROR | Account Error StoneXGroup: 402 Payment Required
Your enrolled account [2046188739676782592] does not have any credits to fulfill this request.
2026-06-24 22:59:57,641 | ERROR | Account Error ADMupdates: 402 Payment Required
Your enrolled account [2046188739676782592] does not have any credits to fulfill this request.
2026-06-24 22:59:58,027 | ERROR | Account Error CHSInc: 402 Payment Required
Your enrolled account [2046188739676782592] does not have any credits to fulfill this request.
2026-06-24 22:59:58,486 | ERROR | Account Error Cargill: 402 Payment Required
Your enrolled account [2046188739676782592] does not have any credits to fulfill this request.
2026-06-24 23:00:13,871 | ERROR | Account Error kannbwx: 402 Payment Required
Your enrolled account [2046188739676782592] does not have any credits to fulfill this request.
2026-06-24 23:00:14,253 | ERROR | Account Error SUNSEEDMAN: 402 Payment Required
Your enrolled account [2046188739676782592] does not have any credits to fulfill this request.
2026-06-24 23:00:14,651 | ERROR | Account Error mkt_intl: 402 Payment Required
Your enrolled account [2046188739676782592] does not have any credits to fulfill this request.
2026-06-24 23:00:15,005 | ERROR | Account Error FarmPolicy: 402 Payment Required
Your enrolled account [2046188739676782592] does not have any credits to fulfill this request.
2026-06-24 23:00:15,433 | ERROR | Account Error CropProphet: 402 Payment Required
Your enrolled account [2046188739676782592] does not have any credits to fulfill this request.
2026-06-24 23:00:15,788 | ERROR | Account Error USDA: 402 Payment Required
Your enrolled account [2046188739676782592] does not have any credits to fulfill this request.
2026-06-24 23:00:16,172 | ERROR | Account Error usda_nass: 402 Payment Required
Your enrolled account [2046188739676782592] does not have any credits to fulfill this request.
2026-06-24 23:00:16,569 | ERROR | Account Error usda_fas: 402 Payment Required
Your enrolled account [2046188739676782592] does not have any credits to fulfill this request.
2026-06-24 23:00:16,955 | ERROR | Account Error NWS: 402 Payment Required
Your enrolled account [2046188739676782592] does not have any credits to fulfill this request.
2026-06-24 23:00:17,353 | ERROR | Account Error NOAAClimate: 402 Payment Required
Your enrolled account [2046188739676782592] does not have any credits to fulfill this request.
2026-06-24 23:00:17,704 | ERROR | Account Error CMEGroup: 402 Payment Required
Your enrolled account [2046188739676782592] does not have any credits to fulfill this request.
2026-06-24 23:00:18,074 | ERROR | Account Error ReutersAg: 402 Payment Required
Your enrolled account [2046188739676782592] does not have any credits to fulfill this request.
2026-06-24 23:00:18,440 | ERROR | Account Error WalterBloomberg: 402 Payment Required
Your enrolled account [2046188739676782592] does not have any credits to fulfill this request.
2026-06-24 23:00:18,821 | ERROR | Account Error financialjuice: 402 Payment Required
Your enrolled account [2046188739676782592] does not have any credits to fulfill this request.
2026-06-24 23:00:19,201 | ERROR | Account Error Barchart: 402 Payment Required
Your enrolled account [2046188739676782592] does not have any credits to fulfill this request.
2026-06-24 23:00:19,561 | ERROR | Account Error StoneXGroup: 402 Payment Required
Your enrolled account [2046188739676782592] does not have any credits to fulfill this request.
2026-06-24 23:00:19,921 | ERROR | Account Error ADMupdates: 402 Payment Required
Your enrolled account [2046188739676782592] does not have any credits to fulfill this request.
2026-06-24 23:00:20,270 | ERROR | Account Error CHSInc: 402 Payment Required
Your enrolled account [2046188739676782592] does not have any credits to fulfill this request.
2026-06-24 23:00:20,606 | ERROR | Account Error Cargill: 402 Payment Required
Your enrolled account [2046188739676782592] does not have any credits to fulfill this request.
2026-06-24 23:00:35,905 | ERROR | Account Error kannbwx: 402 Payment Required
Your enrolled account [2046188739676782592] does not have any credits to fulfill this request.
2026-06-24 23:00:36,283 | ERROR | Account Error SUNSEEDMAN: 402 Payment Required
Your enrolled account [2046188739676782592] does not have any credits to fulfill this request.
2026-06-24 23:00:36,601 | ERROR | Account Error mkt_intl: 402 Payment Required
Your enrolled account [2046188739676782592] does not have any credits to fulfill this request.
2026-06-24 23:00:37,531 | ERROR | Account Error FarmPolicy: 402 Payment Required
Your enrolled account [2046188739676782592] does not have any credits to fulfill this request.
2026-06-24 23:00:37,870 | ERROR | Account Error CropProphet: 402 Payment Required
Your enrolled account [2046188739676782592] does not have any credits to fulfill this request.
2026-06-24 23:00:38,154 | ERROR | Account Error USDA: 402 Payment Required
Your enrolled account [2046188739676782592] does not have any credits to fulfill this request.
2026-06-24 23:00:38,517 | ERROR | Account Error usda_nass: 402 Payment Required
Your enrolled account [2046188739676782592] does not have any credits to fulfill this request.
2026-06-24 23:00:38,869 | ERROR | Account Error usda_fas: 402 Payment Required
Your enrolled account [2046188739676782592] does not have any credits to fulfill this request.
2026-06-24 23:00:39,201 | ERROR | Account Error NWS: 402 Payment Required
Your enrolled account [2046188739676782592] does not have any credits to fulfill this request.
2026-06-24 23:00:39,550 | ERROR | Account Error NOAAClimate: 402 Payment Required
Your enrolled account [2046188739676782592] does not have any credits to fulfill this request.
2026-06-24 23:00:39,914 | ERROR | Account Error CMEGroup: 402 Payment Required
Your enrolled account [2046188739676782592] does not have any credits to fulfill this request.
2026-06-24 23:00:40,218 | ERROR | Account Error ReutersAg: 402 Payment Required
Your enrolled account [2046188739676782592] does not have any credits to fulfill this request.
2026-06-24 23:00:40,583 | ERROR | Account Error WalterBloomberg: 402 Payment Required
Your enrolled account [2046188739676782592] does not have any credits to fulfill this request.
2026-06-24 23:00:40,941 | ERROR | Account Error financialjuice: 402 Payment Required
Your enrolled account [2046188739676782592] does not have any credits to fulfill this request.
2026-06-24 23:00:41,236 | ERROR | Account Error Barchart: 402 Payment Required
Your enrolled account [2046188739676782592] does not have any credits to fulfill this request.
2026-06-24 23:00:41,540 | ERROR | Account Error StoneXGroup: 402 Payment Required
Your enrolled account [2046188739676782592] does not have any credits to fulfill this request.
2026-06-24 23:00:41,915 | ERROR | Account Error ADMupdates: 402 Payment Required
Your enrolled account [2046188739676782592] does not have any credits to fulfill this request.
2026-06-24 23:00:42,202 | ERROR | Account Error CHSInc: 402 Payment Required
Your enrolled account [2046188739676782592] does not have any credits to fulfill this request.
2026-06-24 23:00:42,581 | ERROR | Account Error Cargill: 402 Payment Required
Your enrolled account [2046188739676782592] does not have any credits to fulfill this request.
2026-06-24 23:00:57,963 | ERROR | Account Error kannbwx: 402 Payment Required
Your enrolled account [2046188739676782592] does not have any credits to fulfill this request.
2026-06-24 23:00:58,259 | ERROR | Account Error SUNSEEDMAN: 402 Payment Required
Your enrolled account [2046188739676782592] does not have any credits to fulfill this request.
2026-06-24 23:00:58,582 | ERROR | Account Error mkt_intl: 402 Payment Required
Your enrolled account [2046188739676782592] does not have any credits to fulfill this request.
2026-06-24 23:00:58,882 | ERROR | Account Error FarmPolicy: 402 Payment Required
Your enrolled account [2046188739676782592] does not have any credits to fulfill this request.
2026-06-24 23:00:59,220 | ERROR | Account Error CropProphet: 402 Payment Required
Your enrolled account [2046188739676782592] does not have any credits to fulfill this request.
2026-06-24 23:00:59,549 | ERROR | Account Error USDA: 402 Payment Required
Your enrolled account [2046188739676782592] does not have any credits to fulfill this request.
2026-06-24 23:00:59,832 | ERROR | Account Error usda_nass: 402 Payment Required
Your enrolled account [2046188739676782592] does not have any credits to fulfill this request.
2026-06-24 23:01:00,117 | ERROR | Account Error usda_fas: 402 Payment Required
Your enrolled account [2046188739676782592] does not have any credits to fulfill this request.
2026-06-24 23:01:00,478 | ERROR | Account Error NWS: 402 Payment Required
Your enrolled account [2046188739676782592] does not have any credits to fulfill this request.
2026-06-24 23:01:00,827 | ERROR | Account Error NOAAClimate: 402 Payment Required
Your enrolled account [2046188739676782592] does not have any credits to fulfill this request.
2026-06-24 23:01:01,178 | ERROR | Account Error CMEGroup: 402 Payment Required
Your enrolled account [2046188739676782592] does not have any credits to fulfill this request.
2026-06-24 23:01:01,496 | ERROR | Account Error ReutersAg: 402 Payment Required
Your enrolled account [2046188739676782592] does not have any credits to fulfill this request.
2026-06-24 23:01:01,863 | ERROR | Account Error WalterBloomberg: 402 Payment Required
Your enrolled account [2046188739676782592] does not have any credits to fulfill this request.
2026-06-24 23:01:02,211 | ERROR | Account Error financialjuice: 402 Payment Required
Your enrolled account [2046188739676782592] does not have any credits to fulfill this request.
2026-06-24 23:01:02,561 | ERROR | Account Error Barchart: 402 Payment Required
Your enrolled account [2046188739676782592] does not have any credits to fulfill this request.
2026-06-24 23:01:02,847 | ERROR | Account Error StoneXGroup: 402 Payment Required
Your enrolled account [2046188739676782592] does not have any credits to fulfill this request.
2026-06-24 23:01:03,152 | ERROR | Account Error ADMupdates: 402 Payment Required
Your enrolled account [2046188739676782592] does not have any credits to fulfill this request.
2026-06-24 23:01:03,509 | ERROR | Account Error CHSInc: 402 Payment Required
Your enrolled account [2046188739676782592] does not have any credits to fulfill this request.
2026-06-24 23:01:03,861 | ERROR | Account Error Cargill: 402 Payment Required
Your enrolled account [2046188739676782592] does not have any credits to fulfill this request.
2026-06-24 23:01:19,207 | ERROR | Account Error kannbwx: 402 Payment Required
Your enrolled account [2046188739676782592] does not have any credits to fulfill this request.
2026-06-24 23:01:19,512 | ERROR | Account Error SUNSEEDMAN: 402 Payment Required
Your enrolled account [2046188739676782592] does not have any credits to fulfill this request.
2026-06-24 23:01:19,811 | ERROR | Account Error mkt_intl: 402 Payment Required
Your enrolled account [2046188739676782592] does not have any credits to fulfill this request.
2026-06-24 23:01:20,184 | ERROR | Account Error FarmPolicy: 402 Payment Required
Your enrolled account [2046188739676782592] does not have any credits to fulfill this request.
2026-06-24 23:01:20,528 | ERROR | Account Error CropProphet: 402 Payment Required
Your enrolled account [2046188739676782592] does not have any credits to fulfill this request.
2026-06-24 23:01:20,912 | ERROR | Account Error USDA: 402 Payment Required
Your enrolled account [2046188739676782592] does not have any credits to fulfill this request.
2026-06-24 23:01:21,304 | ERROR | Account Error usda_nass: 402 Payment Required
Your enrolled account [2046188739676782592] does not have any credits to fulfill this request.
2026-06-24 23:01:21,656 | ERROR | Account Error usda_fas: 402 Payment Required
Your enrolled account [2046188739676782592] does not have any credits to fulfill this request.
2026-06-24 23:01:22,037 | ERROR | Account Error NWS: 402 Payment Required
Your enrolled account [2046188739676782592] does not have any credits to fulfill this request.
2026-06-24 23:01:22,408 | ERROR | Account Error NOAAClimate: 402 Payment Required
Your enrolled account [2046188739676782592] does not have any credits to fulfill this request.
2026-06-24 23:01:22,725 | ERROR | Account Error CMEGroup: 402 Payment Required
Your enrolled account [2046188739676782592] does not have any credits to fulfill this request.
2026-06-24 23:01:23,060 | ERROR | Account Error ReutersAg: 402 Payment Required
Your enrolled account [2046188739676782592] does not have any credits to fulfill this request.
2026-06-24 23:01:23,359 | ERROR | Account Error WalterBloomberg: 402 Payment Required
Your enrolled account [2046188739676782592] does not have any credits to fulfill this request.
2026-06-24 23:01:23,662 | ERROR | Account Error financialjuice: 402 Payment Required
Your enrolled account [2046188739676782592] does not have any credits to fulfill this request.
2026-06-24 23:01:23,946 | ERROR | Account Error Barchart: 402 Payment Required
Your enrolled account [2046188739676782592] does not have any credits to fulfill this request.
2026-06-24 23:01:24,290 | ERROR | Account Error StoneXGroup: 402 Payment Required
Your enrolled account [2046188739676782592] does not have any credits to fulfill this request.
2026-06-24 23:01:24,687 | ERROR | Account Error ADMupdates: 402 Payment Required
Your enrolled account [2046188739676782592] does not have any credits to fulfill this request.
2026-06-24 23:01:25,041 | ERROR | Account Error CHSInc: 402 Payment Required
Your enrolled account [2046188739676782592] does not have any credits to fulfill this request.
2026-06-24 23:01:25,374 | ERROR | Account Error Cargill: 402 Payment Required
Your enrolled account [2046188739676782592] does not have any credits to fulfill this request.
2026-06-24 23:01:40,756 | ERROR | Account Error kannbwx: 402 Payment Required
Your enrolled account [2046188739676782592] does not have any credits to fulfill this request.
2026-06-24 23:01:41,050 | ERROR | Account Error SUNSEEDMAN: 402 Payment Required
Your enrolled account [2046188739676782592] does not have any credits to fulfill this request.
2026-06-24 23:01:41,419 | ERROR | Account Error mkt_intl: 402 Payment Required
Your enrolled account [2046188739676782592] does not have any credits to fulfill this request.
2026-06-24 23:01:41,770 | ERROR | Account Error FarmPolicy: 402 Payment Required
Your enrolled account [2046188739676782592] does not have any credits to fulfill this request.
2026-06-24 23:01:42,117 | ERROR | Account Error CropProphet: 402 Payment Required
Your enrolled account [2046188739676782592] does not have any credits to fulfill this request.
2026-06-24 23:01:42,468 | ERROR | Account Error USDA: 402 Payment Required
Your enrolled account [2046188739676782592] does not have any credits to fulfill this request.
2026-06-24 23:01:42,820 | ERROR | Account Error usda_nass: 402 Payment Required
Your enrolled account [2046188739676782592] does not have any credits to fulfill this request.
2026-06-24 23:01:43,188 | ERROR | Account Error usda_fas: 402 Payment Required
Your enrolled account [2046188739676782592] does not have any credits to fulfill this request.
2026-06-24 23:01:43,540 | ERROR | Account Error NWS: 402 Payment Required
Your enrolled account [2046188739676782592] does not have any credits to fulfill this request.
2026-06-24 23:01:43,885 | ERROR | Account Error NOAAClimate: 402 Payment Required
Your enrolled account [2046188739676782592] does not have any credits to fulfill this request.
2026-06-24 23:01:44,223 | ERROR | Account Error CMEGroup: 402 Payment Required
Your enrolled account [2046188739676782592] does not have any credits to fulfill this request.
2026-06-24 23:01:44,521 | ERROR | Account Error ReutersAg: 402 Payment Required
Your enrolled account [2046188739676782592] does not have any credits to fulfill this request.
2026-06-24 23:01:44,820 | ERROR | Account Error WalterBloomberg: 402 Payment Required
Your enrolled account [2046188739676782592] does not have any credits to fulfill this request.
2026-06-24 23:01:45,183 | ERROR | Account Error financialjuice: 402 Payment Required
Your enrolled account [2046188739676782592] does not have any credits to fulfill this request.
2026-06-24 23:01:45,520 | ERROR | Account Error Barchart: 402 Payment Required
Your enrolled account [2046188739676782592] does not have any credits to fulfill this request.
2026-06-24 23:01:45,837 | ERROR | Account Error StoneXGroup: 402 Payment Required
Your enrolled account [2046188739676782592] does not have any credits to fulfill this request.
2026-06-24 23:01:46,136 | ERROR | Account Error ADMupdates: 402 Payment Required
Your enrolled account [2046188739676782592] does not have any credits to fulfill this request.
2026-06-24 23:01:46,427 | ERROR | Account Error CHSInc: 402 Payment Required
Your enrolled account [2046188739676782592] does not have any credits to fulfill this request.
2026-06-24 23:01:46,801 | ERROR | Account Error Cargill: 402 Payment Required
Your enrolled account [2046188739676782592] does not have any credits to fulfill this request.
2026-06-24 23:02:02,114 | ERROR | Account Error kannbwx: 402 Payment Required
Your enrolled account [2046188739676782592] does not have any credits to fulfill this request.
2026-06-24 23:02:02,463 | ERROR | Account Error SUNSEEDMAN: 402 Payment Required
Your enrolled account [2046188739676782592] does not have any credits to fulfill this request.
2026-06-24 23:02:02,796 | ERROR | Account Error mkt_intl: 402 Payment Required
Your enrolled account [2046188739676782592] does not have any credits to fulfill this request.
2026-06-24 23:02:03,148 | ERROR | Account Error FarmPolicy: 402 Payment Required
Your enrolled account [2046188739676782592] does not have any credits to fulfill this request.
2026-06-24 23:02:03,449 | ERROR | Account Error CropProphet: 402 Payment Required
Your enrolled account [2046188739676782592] does not have any credits to fulfill this request.
2026-06-24 23:02:03,796 | ERROR | Account Error USDA: 402 Payment Required
Your enrolled account [2046188739676782592] does not have any credits to fulfill this request.
2026-06-24 23:02:04,146 | ERROR | Account Error usda_nass: 402 Payment Required
Your enrolled account [2046188739676782592] does not have any credits to fulfill this request.
2026-06-24 23:02:04,486 | ERROR | Account Error usda_fas: 402 Payment Required
Your enrolled account [2046188739676782592] does not have any credits to fulfill this request.
2026-06-24 23:02:04,846 | ERROR | Account Error NWS: 402 Payment Required
Your enrolled account [2046188739676782592] does not have any credits to fulfill this request.
2026-06-24 23:02:05,197 | ERROR | Account Error NOAAClimate: 402 Payment Required
Your enrolled account [2046188739676782592] does not have any credits to fulfill this request.
2026-06-24 23:02:05,561 | ERROR | Account Error CMEGroup: 402 Payment Required
Your enrolled account [2046188739676782592] does not have any credits to fulfill this request.
2026-06-24 23:02:05,915 | ERROR | Account Error ReutersAg: 402 Payment Required
Your enrolled account [2046188739676782592] does not have any credits to fulfill this request.
2026-06-24 23:02:06,295 | ERROR | Account Error WalterBloomberg: 402 Payment Required
Your enrolled account [2046188739676782592] does not have any credits to fulfill this request.
2026-06-24 23:02:06,644 | ERROR | Account Error financialjuice: 402 Payment Required
Your enrolled account [2046188739676782592] does not have any credits to fulfill this request.
2026-06-24 23:02:07,002 | ERROR | Account Error Barchart: 402 Payment Required
Your enrolled account [2046188739676782592] does not have any credits to fulfill this request.
2026-06-24 23:02:07,364 | ERROR | Account Error StoneXGroup: 402 Payment Required
Your enrolled account [2046188739676782592] does not have any credits to fulfill this request.
2026-06-24 23:02:07,696 | ERROR | Account Error ADMupdates: 402 Payment Required
Your enrolled account [2046188739676782592] does not have any credits to fulfill this request.
2026-06-24 23:02:08,045 | ERROR | Account Error CHSInc: 402 Payment Required
Your enrolled account [2046188739676782592] does not have any credits to fulfill this request.
2026-06-24 23:02:08,395 | ERROR | Account Error Cargill: 402 Payment Required
Your enrolled account [2046188739676782592] does not have any credits to fulfill this request.
2026-06-24 23:02:23,710 | ERROR | Account Error kannbwx: 402 Payment Required
Your enrolled account [2046188739676782592] does not have any credits to fulfill this request.
2026-06-24 23:02:24,042 | ERROR | Account Error SUNSEEDMAN: 402 Payment Required
Your enrolled account [2046188739676782592] does not have any credits to fulfill this request.
2026-06-24 23:02:24,407 | ERROR | Account Error mkt_intl: 402 Payment Required
Your enrolled account [2046188739676782592] does not have any credits to fulfill this request.
2026-06-24 23:02:24,758 | ERROR | Account Error FarmPolicy: 402 Payment Required
Your enrolled account [2046188739676782592] does not have any credits to fulfill this request.
2026-06-24 23:02:25,095 | ERROR | Account Error CropProphet: 402 Payment Required
Your enrolled account [2046188739676782592] does not have any credits to fulfill this request.
2026-06-24 23:02:25,410 | ERROR | Account Error USDA: 402 Payment Required
Your enrolled account [2046188739676782592] does not have any credits to fulfill this request.
2026-06-24 23:02:25,712 | ERROR | Account Error usda_nass: 402 Payment Required
Your enrolled account [2046188739676782592] does not have any credits to fulfill this request.
2026-06-24 23:02:26,042 | ERROR | Account Error usda_fas: 402 Payment Required
Your enrolled account [2046188739676782592] does not have any credits to fulfill this request.
2026-06-24 23:02:26,409 | ERROR | Account Error NWS: 402 Payment Required
Your enrolled account [2046188739676782592] does not have any credits to fulfill this request.
2026-06-24 23:02:26,758 | ERROR | Account Error NOAAClimate: 402 Payment Required
Your enrolled account [2046188739676782592] does not have any credits to fulfill this request.
2026-06-24 23:02:27,108 | ERROR | Account Error CMEGroup: 402 Payment Required
Your enrolled account [2046188739676782592] does not have any credits to fulfill this request.
2026-06-24 23:02:27,414 | ERROR | Account Error ReutersAg: 402 Payment Required
Your enrolled account [2046188739676782592] does not have any credits to fulfill this request.
2026-06-24 23:02:27,776 | ERROR | Account Error WalterBloomberg: 402 Payment Required
Your enrolled account [2046188739676782592] does not have any credits to fulfill this request.
2026-06-24 23:02:28,076 | WARNING | Rate limit exceeded. Sleeping for 728 seconds.
2026-06-24 23:14:36,813 | ERROR | Account Error financialjuice: 402 Payment Required
Your enrolled account [2046188739676782592] does not have any credits to fulfill this request.
2026-06-24 23:14:37,067 | ERROR | Account Error Barchart: 402 Payment Required
Your enrolled account [2046188739676782592] does not have any credits to fulfill this request.
2026-06-24 23:14:37,338 | ERROR | Account Error StoneXGroup: 402 Payment Required
Your enrolled account [2046188739676782592] does not have any credits to fulfill this request.
2026-06-24 23:14:37,585 | ERROR | Account Error ADMupdates: 402 Payment Required
Your enrolled account [2046188739676782592] does not have any credits to fulfill this request.
2026-06-24 23:14:37,850 | ERROR | Account Error CHSInc: 402 Payment Required
Your enrolled account [2046188739676782592] does not have any credits to fulfill this request.
2026-06-24 23:14:38,101 | ERROR | Account Error Cargill: 402 Payment Required
Your enrolled account [2046188739676782592] does not have any credits to fulfill this request.
2026-06-24 23:14:53,367 | ERROR | Account Error kannbwx: 402 Payment Required
Your enrolled account [2046188739676782592] does not have any credits to fulfill this request.
2026-06-24 23:14:53,598 | ERROR | Account Error SUNSEEDMAN: 402 Payment Required
Your enrolled account [2046188739676782592] does not have any credits to fulfill this request.
2026-06-24 23:14:53,880 | ERROR | Account Error mkt_intl: 402 Payment Required
Your enrolled account [2046188739676782592] does not have any credits to fulfill this request.
2026-06-24 23:14:54,146 | ERROR | Account Error FarmPolicy: 402 Payment Required
Your enrolled account [2046188739676782592] does not have any credits to fulfill this request.
2026-06-24 23:14:54,381 | ERROR | Account Error CropProphet: 402 Payment Required
Your enrolled account [2046188739676782592] does not have any credits to fulfill this request.
2026-06-24 23:14:54,616 | ERROR | Account Error USDA: 402 Payment Required
Your enrolled account [2046188739676782592] does not have any credits to fulfill this request.
2026-06-24 23:14:54,864 | ERROR | Account Error usda_nass: 402 Payment Required
Your enrolled account [2046188739676782592] does not have any credits to fulfill this request.
2026-06-24 23:14:55,115 | ERROR | Account Error usda_fas: 402 Payment Required
Your enrolled account [2046188739676782592] does not have any credits to fulfill this request.
2026-06-24 23:14:55,366 | ERROR | Account Error NWS: 402 Payment Required
Your enrolled account [2046188739676782592] does not have any credits to fulfill this request.
2026-06-24 23:14:55,630 | ERROR | Account Error NOAAClimate: 402 Payment Required
Your enrolled account [2046188739676782592] does not have any credits to fulfill this request.
2026-06-24 23:14:55,898 | ERROR | Account Error CMEGroup: 402 Payment Required
Your enrolled account [2046188739676782592] does not have any credits to fulfill this request.
2026-06-24 23:14:56,147 | ERROR | Account Error ReutersAg: 402 Payment Required
Your enrolled account [2046188739676782592] does not have any credits to fulfill this request.
2026-06-24 23:14:56,412 | ERROR | Account Error WalterBloomberg: 402 Payment Required
Your enrolled account [2046188739676782592] does not have any credits to fulfill this request.
2026-06-24 23:14:56,695 | ERROR | Account Error financialjuice: 402 Payment Required
Your enrolled account [2046188739676782592] does not have any credits to fulfill this request.
2026-06-24 23:14:56,966 | ERROR | Account Error Barchart: 402 Payment Required
Your enrolled account [2046188739676782592] does not have any credits to fulfill this request.
2026-06-24 23:14:57,228 | ERROR | Account Error StoneXGroup: 402 Payment Required
Your enrolled account [2046188739676782592] does not have any credits to fulfill this request.
2026-06-24 23:14:57,498 | ERROR | Account Error ADMupdates: 402 Payment Required
Your enrolled account [2046188739676782592] does not have any credits to fulfill this request.
2026-06-24 23:14:57,746 | ERROR | Account Error CHSInc: 402 Payment Required
Your enrolled account [2046188739676782592] does not have any credits to fulfill this request.
2026-06-24 23:14:57,981 | ERROR | Account Error Cargill: 402 Payment Required
Your enrolled account [2046188739676782592] does not have any credits to fulfill this request.
2026-06-24 23:15:13,236 | ERROR | Account Error kannbwx: 402 Payment Required
Your enrolled account [2046188739676782592] does not have any credits to fulfill this request.
2026-06-24 23:15:13,509 | ERROR | Account Error SUNSEEDMAN: 402 Payment Required
Your enrolled account [2046188739676782592] does not have any credits to fulfill this request.
2026-06-24 23:15:13,762 | ERROR | Account Error mkt_intl: 402 Payment Required
Your enrolled account [2046188739676782592] does not have any credits to fulfill this request.
2026-06-24 23:15:14,024 | ERROR | Account Error FarmPolicy: 402 Payment Required
Your enrolled account [2046188739676782592] does not have any credits to fulfill this request.
2026-06-24 23:15:14,260 | ERROR | Account Error CropProphet: 402 Payment Required
Your enrolled account [2046188739676782592] does not have any credits to fulfill this request.
2026-06-24 23:15:14,509 | ERROR | Account Error USDA: 402 Payment Required
Your enrolled account [2046188739676782592] does not have any credits to fulfill this request.
2026-06-24 23:15:14,760 | ERROR | Account Error usda_nass: 402 Payment Required
Your enrolled account [2046188739676782592] does not have any credits to fulfill this request.
2026-06-24 23:15:15,009 | ERROR | Account Error usda_fas: 402 Payment Required
Your enrolled account [2046188739676782592] does not have any credits to fulfill this request.
2026-06-24 23:15:15,280 | ERROR | Account Error NWS: 402 Payment Required
Your enrolled account [2046188739676782592] does not have any credits to fulfill this request.
2026-06-24 23:15:15,541 | ERROR | Account Error NOAAClimate: 402 Payment Required
Your enrolled account [2046188739676782592] does not have any credits to fulfill this request.
2026-06-24 23:15:15,808 | ERROR | Account Error CMEGroup: 402 Payment Required
Your enrolled account [2046188739676782592] does not have any credits to fulfill this request.
2026-06-24 23:15:16,092 | ERROR | Account Error ReutersAg: 402 Payment Required
Your enrolled account [2046188739676782592] does not have any credits to fulfill this request.
2026-06-24 23:15:16,357 | ERROR | Account Error WalterBloomberg: 402 Payment Required
Your enrolled account [2046188739676782592] does not have any credits to fulfill this request.
2026-06-24 23:15:16,613 | ERROR | Account Error financialjuice: 402 Payment Required
Your enrolled account [2046188739676782592] does not have any credits to fulfill this request.
2026-06-24 23:15:16,874 | ERROR | Account Error Barchart: 402 Payment Required
Your enrolled account [2046188739676782592] does not have any credits to fulfill this request.
2026-06-24 23:15:17,141 | ERROR | Account Error StoneXGroup: 402 Payment Required
Your enrolled account [2046188739676782592] does not have any credits to fulfill this request.
2026-06-24 23:15:17,408 | ERROR | Account Error ADMupdates: 402 Payment Required
Your enrolled account [2046188739676782592] does not have any credits to fulfill this request.
2026-06-24 23:15:17,691 | ERROR | Account Error CHSInc: 402 Payment Required
Your enrolled account [2046188739676782592] does not have any credits to fulfill this request.
2026-06-24 23:15:17,945 | ERROR | Account Error Cargill: 402 Payment Required
Your enrolled account [2046188739676782592] does not have any credits to fulfill this request.
2026-06-24 23:15:33,205 | ERROR | Account Error kannbwx: 402 Payment Required
Your enrolled account [2046188739676782592] does not have any credits to fulfill this request.
2026-06-24 23:15:33,457 | ERROR | Account Error SUNSEEDMAN: 402 Payment Required
Your enrolled account [2046188739676782592] does not have any credits to fulfill this request.
2026-06-24 23:15:33,705 | ERROR | Account Error mkt_intl: 402 Payment Required
Your enrolled account [2046188739676782592] does not have any credits to fulfill this request.
2026-06-24 23:15:33,960 | ERROR | Account Error FarmPolicy: 402 Payment Required
Your enrolled account [2046188739676782592] does not have any credits to fulfill this request.
2026-06-24 23:15:34,224 | ERROR | Account Error CropProphet: 402 Payment Required
Your enrolled account [2046188739676782592] does not have any credits to fulfill this request.
2026-06-24 23:15:34,502 | ERROR | Account Error USDA: 402 Payment Required
Your enrolled account [2046188739676782592] does not have any credits to fulfill this request.
2026-06-24 23:15:34,755 | ERROR | Account Error usda_nass: 402 Payment Required
Your enrolled account [2046188739676782592] does not have any credits to fulfill this request.
2026-06-24 23:15:35,005 | ERROR | Account Error usda_fas: 402 Payment Required
Your enrolled account [2046188739676782592] does not have any credits to fulfill this request.
2026-06-24 23:15:35,270 | ERROR | Account Error NWS: 402 Payment Required
Your enrolled account [2046188739676782592] does not have any credits to fulfill this request.
2026-06-24 23:15:35,528 | ERROR | Account Error NOAAClimate: 402 Payment Required
Your enrolled account [2046188739676782592] does not have any credits to fulfill this request.
2026-06-24 23:15:35,771 | ERROR | Account Error CMEGroup: 402 Payment Required
Your enrolled account [2046188739676782592] does not have any credits to fulfill this request.
2026-06-24 23:15:36,041 | ERROR | Account Error ReutersAg: 402 Payment Required
Your enrolled account [2046188739676782592] does not have any credits to fulfill this request.
2026-06-24 23:15:36,303 | ERROR | Account Error WalterBloomberg: 402 Payment Required
Your enrolled account [2046188739676782592] does not have any credits to fulfill this request.
2026-06-24 23:15:36,553 | ERROR | Account Error financialjuice: 402 Payment Required
Your enrolled account [2046188739676782592] does not have any credits to fulfill this request.
2026-06-24 23:15:36,805 | ERROR | Account Error Barchart: 402 Payment Required
Your enrolled account [2046188739676782592] does not have any credits to fulfill this request.
2026-06-24 23:15:37,101 | ERROR | Account Error StoneXGroup: 402 Payment Required
Your enrolled account [2046188739676782592] does not have any credits to fulfill this request.
2026-06-24 23:15:37,341 | ERROR | Account Error ADMupdates: 402 Payment Required
Your enrolled account [2046188739676782592] does not have any credits to fulfill this request.
2026-06-24 23:15:37,728 | ERROR | Account Error CHSInc: 402 Payment Required
Your enrolled account [2046188739676782592] does not have any credits to fulfill this request.
2026-06-24 23:15:37,972 | ERROR | Account Error Cargill: 402 Payment Required
Your enrolled account [2046188739676782592] does not have any credits to fulfill this request.
2026-06-24 23:15:53,232 | ERROR | Account Error kannbwx: 402 Payment Required
Your enrolled account [2046188739676782592] does not have any credits to fulfill this request.
2026-06-24 23:15:53,483 | ERROR | Account Error SUNSEEDMAN: 402 Payment Required
Your enrolled account [2046188739676782592] does not have any credits to fulfill this request.
2026-06-24 23:15:53,795 | ERROR | Account Error mkt_intl: 402 Payment Required
Your enrolled account [2046188739676782592] does not have any credits to fulfill this request.
2026-06-24 23:15:54,065 | ERROR | Account Error FarmPolicy: 402 Payment Required
Your enrolled account [2046188739676782592] does not have any credits to fulfill this request.
2026-06-24 23:15:54,332 | ERROR | Account Error CropProphet: 402 Payment Required
Your enrolled account [2046188739676782592] does not have any credits to fulfill this request.
2026-06-24 23:15:54,568 | ERROR | Account Error USDA: 402 Payment Required
Your enrolled account [2046188739676782592] does not have any credits to fulfill this request.
2026-06-24 23:15:54,851 | ERROR | Account Error usda_nass: 402 Payment Required
Your enrolled account [2046188739676782592] does not have any credits to fulfill this request.
2026-06-24 23:15:55,101 | ERROR | Account Error usda_fas: 402 Payment Required
Your enrolled account [2046188739676782592] does not have any credits to fulfill this request.
2026-06-24 23:15:55,349 | ERROR | Account Error NWS: 402 Payment Required
Your enrolled account [2046188739676782592] does not have any credits to fulfill this request.
2026-06-24 23:15:55,616 | ERROR | Account Error NOAAClimate: 402 Payment Required
Your enrolled account [2046188739676782592] does not have any credits to fulfill this request.
2026-06-24 23:15:55,883 | ERROR | Account Error CMEGroup: 402 Payment Required
Your enrolled account [2046188739676782592] does not have any credits to fulfill this request.
2026-06-24 23:15:56,121 | ERROR | Account Error ReutersAg: 402 Payment Required
Your enrolled account [2046188739676782592] does not have any credits to fulfill this request.
2026-06-24 23:15:56,366 | ERROR | Account Error WalterBloomberg: 402 Payment Required
Your enrolled account [2046188739676782592] does not have any credits to fulfill this request.
2026-06-24 23:15:56,632 | ERROR | Account Error financialjuice: 402 Payment Required
Your enrolled account [2046188739676782592] does not have any credits to fulfill this request.
2026-06-24 23:15:56,867 | ERROR | Account Error Barchart: 402 Payment Required
Your enrolled account [2046188739676782592] does not have any credits to fulfill this request.
2026-06-24 23:15:57,132 | ERROR | Account Error StoneXGroup: 402 Payment Required
Your enrolled account [2046188739676782592] does not have any credits to fulfill this request.
2026-06-24 23:15:57,386 | ERROR | Account Error ADMupdates: 402 Payment Required
Your enrolled account [2046188739676782592] does not have any credits to fulfill this request.
2026-06-24 23:15:57,633 | ERROR | Account Error CHSInc: 402 Payment Required
Your enrolled account [2046188739676782592] does not have any credits to fulfill this request.
2026-06-24 23:15:57,897 | ERROR | Account Error Cargill: 402 Payment Required
Your enrolled account [2046188739676782592] does not have any credits to fulfill this request.
2026-06-24 23:16:13,147 | ERROR | Account Error kannbwx: 402 Payment Required
Your enrolled account [2046188739676782592] does not have any credits to fulfill this request.
2026-06-24 23:16:13,397 | ERROR | Account Error SUNSEEDMAN: 402 Payment Required
Your enrolled account [2046188739676782592] does not have any credits to fulfill this request.
2026-06-24 23:16:13,631 | ERROR | Account Error mkt_intl: 402 Payment Required
Your enrolled account [2046188739676782592] does not have any credits to fulfill this request.
2026-06-24 23:16:13,879 | ERROR | Account Error FarmPolicy: 402 Payment Required
Your enrolled account [2046188739676782592] does not have any credits to fulfill this request.
2026-06-24 23:16:14,128 | ERROR | Account Error CropProphet: 402 Payment Required
Your enrolled account [2046188739676782592] does not have any credits to fulfill this request.
2026-06-24 23:16:14,367 | ERROR | Account Error USDA: 402 Payment Required
Your enrolled account [2046188739676782592] does not have any credits to fulfill this request.
2026-06-24 23:16:14,612 | ERROR | Account Error usda_nass: 402 Payment Required
Your enrolled account [2046188739676782592] does not have any credits to fulfill this request.
2026-06-24 23:16:14,877 | ERROR | Account Error usda_fas: 402 Payment Required
Your enrolled account [2046188739676782592] does not have any credits to fulfill this request.
2026-06-24 23:16:15,144 | ERROR | Account Error NWS: 402 Payment Required
Your enrolled account [2046188739676782592] does not have any credits to fulfill this request.
2026-06-24 23:16:15,394 | ERROR | Account Error NOAAClimate: 402 Payment Required
Your enrolled account [2046188739676782592] does not have any credits to fulfill this request.
2026-06-24 23:16:15,662 | ERROR | Account Error CMEGroup: 402 Payment Required
Your enrolled account [2046188739676782592] does not have any credits to fulfill this request.
2026-06-24 23:16:15,898 | ERROR | Account Error ReutersAg: 402 Payment Required
Your enrolled account [2046188739676782592] does not have any credits to fulfill this request.
2026-06-24 23:16:16,160 | ERROR | Account Error WalterBloomberg: 402 Payment Required
Your enrolled account [2046188739676782592] does not have any credits to fulfill this request.
2026-06-24 23:16:16,412 | ERROR | Account Error financialjuice: 402 Payment Required
Your enrolled account [2046188739676782592] does not have any credits to fulfill this request.
2026-06-24 23:16:16,662 | ERROR | Account Error Barchart: 402 Payment Required
Your enrolled account [2046188739676782592] does not have any credits to fulfill this request.
2026-06-24 23:16:17,680 | ERROR | Account Error StoneXGroup: 402 Payment Required
Your enrolled account [2046188739676782592] does not have any credits to fulfill this request.
2026-06-24 23:16:17,942 | ERROR | Account Error ADMupdates: 402 Payment Required
Your enrolled account [2046188739676782592] does not have any credits to fulfill this request.
2026-06-24 23:16:18,224 | ERROR | Account Error CHSInc: 402 Payment Required
Your enrolled account [2046188739676782592] does not have any credits to fulfill this request.
2026-06-24 23:16:18,477 | ERROR | Account Error Cargill: 402 Payment Required
Your enrolled account [2046188739676782592] does not have any credits to fulfill this request.
2026-06-24 23:16:33,724 | ERROR | Account Error kannbwx: 402 Payment Required
Your enrolled account [2046188739676782592] does not have any credits to fulfill this request.
2026-06-24 23:16:33,990 | ERROR | Account Error SUNSEEDMAN: 402 Payment Required
Your enrolled account [2046188739676782592] does not have any credits to fulfill this request.
2026-06-24 23:16:34,239 | ERROR | Account Error mkt_intl: 402 Payment Required
Your enrolled account [2046188739676782592] does not have any credits to fulfill this request.
2026-06-24 23:16:34,493 | ERROR | Account Error FarmPolicy: 402 Payment Required
Your enrolled account [2046188739676782592] does not have any credits to fulfill this request.
2026-06-24 23:16:34,740 | ERROR | Account Error CropProphet: 402 Payment Required
Your enrolled account [2046188739676782592] does not have any credits to fulfill this request.
2026-06-24 23:16:34,991 | ERROR | Account Error USDA: 402 Payment Required
Your enrolled account [2046188739676782592] does not have any credits to fulfill this request.
2026-06-24 23:16:35,257 | ERROR | Account Error usda_nass: 402 Payment Required
Your enrolled account [2046188739676782592] does not have any credits to fulfill this request.
2026-06-24 23:16:35,510 | ERROR | Account Error usda_fas: 402 Payment Required
Your enrolled account [2046188739676782592] does not have any credits to fulfill this request.
2026-06-24 23:16:35,773 | ERROR | Account Error NWS: 402 Payment Required
Your enrolled account [2046188739676782592] does not have any credits to fulfill this request.
2026-06-24 23:16:36,023 | ERROR | Account Error NOAAClimate: 402 Payment Required
Your enrolled account [2046188739676782592] does not have any credits to fulfill this request.
2026-06-24 23:16:36,308 | ERROR | Account Error CMEGroup: 402 Payment Required
Your enrolled account [2046188739676782592] does not have any credits to fulfill this request.
2026-06-24 23:16:36,555 | ERROR | Account Error ReutersAg: 402 Payment Required
Your enrolled account [2046188739676782592] does not have any credits to fulfill this request.
2026-06-24 23:16:36,790 | ERROR | Account Error WalterBloomberg: 402 Payment Required
Your enrolled account [2046188739676782592] does not have any credits to fulfill this request.
2026-06-24 23:16:37,055 | ERROR | Account Error financialjuice: 402 Payment Required
Your enrolled account [2046188739676782592] does not have any credits to fulfill this request.
2026-06-24 23:16:37,291 | ERROR | Account Error Barchart: 402 Payment Required
Your enrolled account [2046188739676782592] does not have any credits to fulfill this request.
2026-06-24 23:16:37,556 | ERROR | Account Error StoneXGroup: 402 Payment Required
Your enrolled account [2046188739676782592] does not have any credits to fulfill this request.
2026-06-24 23:16:37,807 | ERROR | Account Error ADMupdates: 402 Payment Required
Your enrolled account [2046188739676782592] does not have any credits to fulfill this request.
2026-06-24 23:16:38,057 | ERROR | Account Error CHSInc: 402 Payment Required
Your enrolled account [2046188739676782592] does not have any credits to fulfill this request.
2026-06-24 23:16:38,306 | ERROR | Account Error Cargill: 402 Payment Required
Your enrolled account [2046188739676782592] does not have any credits to fulfill this request.
2026-06-24 23:16:53,568 | ERROR | Account Error kannbwx: 402 Payment Required
Your enrolled account [2046188739676782592] does not have any credits to fulfill this request.
2026-06-24 23:16:53,803 | ERROR | Account Error SUNSEEDMAN: 402 Payment Required
Your enrolled account [2046188739676782592] does not have any credits to fulfill this request.
2026-06-24 23:16:54,102 | ERROR | Account Error mkt_intl: 402 Payment Required
Your enrolled account [2046188739676782592] does not have any credits to fulfill this request.
2026-06-24 23:16:54,355 | ERROR | Account Error FarmPolicy: 402 Payment Required
Your enrolled account [2046188739676782592] does not have any credits to fulfill this request.
2026-06-24 23:16:54,601 | ERROR | Account Error CropProphet: 402 Payment Required
Your enrolled account [2046188739676782592] does not have any credits to fulfill this request.
2026-06-24 23:16:54,883 | ERROR | Account Error USDA: 402 Payment Required
Your enrolled account [2046188739676782592] does not have any credits to fulfill this request.
2026-06-24 23:16:55,181 | ERROR | Account Error usda_nass: 402 Payment Required
Your enrolled account [2046188739676782592] does not have any credits to fulfill this request.
2026-06-24 23:16:55,455 | ERROR | Account Error usda_fas: 402 Payment Required
Your enrolled account [2046188739676782592] does not have any credits to fulfill this request.
2026-06-24 23:16:55,701 | ERROR | Account Error NWS: 402 Payment Required
Your enrolled account [2046188739676782592] does not have any credits to fulfill this request.
2026-06-24 23:16:55,954 | ERROR | Account Error NOAAClimate: 402 Payment Required
Your enrolled account [2046188739676782592] does not have any credits to fulfill this request.
2026-06-24 23:16:56,216 | ERROR | Account Error CMEGroup: 402 Payment Required
Your enrolled account [2046188739676782592] does not have any credits to fulfill this request.
2026-06-24 23:16:56,452 | ERROR | Account Error ReutersAg: 402 Payment Required
Your enrolled account [2046188739676782592] does not have any credits to fulfill this request.
2026-06-24 23:16:56,705 | ERROR | Account Error WalterBloomberg: 402 Payment Required
Your enrolled account [2046188739676782592] does not have any credits to fulfill this request.
2026-06-24 23:16:56,982 | ERROR | Account Error financialjuice: 402 Payment Required
Your enrolled account [2046188739676782592] does not have any credits to fulfill this request.
2026-06-24 23:16:57,249 | ERROR | Account Error Barchart: 402 Payment Required
Your enrolled account [2046188739676782592] does not have any credits to fulfill this request.
2026-06-24 23:16:57,534 | ERROR | Account Error StoneXGroup: 402 Payment Required
Your enrolled account [2046188739676782592] does not have any credits to fulfill this request.
2026-06-24 23:16:57,772 | ERROR | Account Error ADMupdates: 402 Payment Required
Your enrolled account [2046188739676782592] does not have any credits to fulfill this request.
2026-06-24 23:16:58,021 | ERROR | Account Error CHSInc: 402 Payment Required
Your enrolled account [2046188739676782592] does not have any credits to fulfill this request.
2026-06-24 23:16:58,299 | ERROR | Account Error Cargill: 402 Payment Required
Your enrolled account [2046188739676782592] does not have any credits to fulfill this request.
2026-06-24 23:17:13,563 | ERROR | Account Error kannbwx: 402 Payment Required
Your enrolled account [2046188739676782592] does not have any credits to fulfill this request.
2026-06-24 23:17:13,830 | ERROR | Account Error SUNSEEDMAN: 402 Payment Required
Your enrolled account [2046188739676782592] does not have any credits to fulfill this request.
2026-06-24 23:17:14,093 | ERROR | Account Error mkt_intl: 402 Payment Required
Your enrolled account [2046188739676782592] does not have any credits to fulfill this request.
2026-06-24 23:17:14,349 | ERROR | Account Error FarmPolicy: 402 Payment Required
Your enrolled account [2046188739676782592] does not have any credits to fulfill this request.
2026-06-24 23:17:14,706 | ERROR | Account Error CropProphet: 402 Payment Required
Your enrolled account [2046188739676782592] does not have any credits to fulfill this request.
2026-06-24 23:17:14,979 | ERROR | Account Error USDA: 402 Payment Required
Your enrolled account [2046188739676782592] does not have any credits to fulfill this request.
2026-06-24 23:17:15,247 | ERROR | Account Error usda_nass: 402 Payment Required
Your enrolled account [2046188739676782592] does not have any credits to fulfill this request.
2026-06-24 23:17:15,496 | ERROR | Account Error usda_fas: 402 Payment Required
Your enrolled account [2046188739676782592] does not have any credits to fulfill this request.
2026-06-24 23:17:15,750 | ERROR | Account Error NWS: 402 Payment Required
Your enrolled account [2046188739676782592] does not have any credits to fulfill this request.
2026-06-24 23:17:15,996 | ERROR | Account Error NOAAClimate: 402 Payment Required
Your enrolled account [2046188739676782592] does not have any credits to fulfill this request.
2026-06-24 23:17:16,248 | ERROR | Account Error CMEGroup: 402 Payment Required
Your enrolled account [2046188739676782592] does not have any credits to fulfill this request.
2026-06-24 23:17:16,496 | ERROR | Account Error ReutersAg: 402 Payment Required
Your enrolled account [2046188739676782592] does not have any credits to fulfill this request.
2026-06-24 23:17:16,764 | WARNING | Rate limit exceeded. Sleeping for 742 seconds.
2026-06-24 23:29:39,475 | ERROR | Account Error WalterBloomberg: 402 Payment Required
Your enrolled account [2046188739676782592] does not have any credits to fulfill this request.
2026-06-24 23:29:39,732 | ERROR | Account Error financialjuice: 402 Payment Required
Your enrolled account [2046188739676782592] does not have any credits to fulfill this request.
2026-06-24 23:29:39,970 | ERROR | Account Error Barchart: 402 Payment Required
Your enrolled account [2046188739676782592] does not have any credits to fulfill this request.
2026-06-24 23:29:40,215 | ERROR | Account Error StoneXGroup: 402 Payment Required
Your enrolled account [2046188739676782592] does not have any credits to fulfill this request.
2026-06-24 23:29:40,482 | ERROR | Account Error ADMupdates: 402 Payment Required
Your enrolled account [2046188739676782592] does not have any credits to fulfill this request.
2026-06-24 23:29:40,745 | ERROR | Account Error CHSInc: 402 Payment Required
Your enrolled account [2046188739676782592] does not have any credits to fulfill this request.
2026-06-24 23:29:40,999 | ERROR | Account Error Cargill: 402 Payment Required
Your enrolled account [2046188739676782592] does not have any credits to fulfill this request.
2026-06-24 23:29:56,262 | ERROR | Account Error kannbwx: 402 Payment Required
Your enrolled account [2046188739676782592] does not have any credits to fulfill this request.
2026-06-24 23:29:56,512 | ERROR | Account Error SUNSEEDMAN: 402 Payment Required
Your enrolled account [2046188739676782592] does not have any credits to fulfill this request.
2026-06-24 23:29:56,761 | ERROR | Account Error mkt_intl: 402 Payment Required
Your enrolled account [2046188739676782592] does not have any credits to fulfill this request.
2026-06-24 23:29:57,011 | ERROR | Account Error FarmPolicy: 402 Payment Required
Your enrolled account [2046188739676782592] does not have any credits to fulfill this request.
2026-06-24 23:29:57,276 | ERROR | Account Error CropProphet: 402 Payment Required
Your enrolled account [2046188739676782592] does not have any credits to fulfill this request.
2026-06-24 23:29:57,542 | ERROR | Account Error USDA: 402 Payment Required
Your enrolled account [2046188739676782592] does not have any credits to fulfill this request.
2026-06-24 23:29:57,794 | ERROR | Account Error usda_nass: 402 Payment Required
Your enrolled account [2046188739676782592] does not have any credits to fulfill this request.
2026-06-24 23:29:58,060 | ERROR | Account Error usda_fas: 402 Payment Required
Your enrolled account [2046188739676782592] does not have any credits to fulfill this request.
2026-06-24 23:29:58,329 | ERROR | Account Error NWS: 402 Payment Required
Your enrolled account [2046188739676782592] does not have any credits to fulfill this request.
2026-06-24 23:29:58,576 | ERROR | Account Error NOAAClimate: 402 Payment Required
Your enrolled account [2046188739676782592] does not have any credits to fulfill this request.
2026-06-24 23:29:58,828 | ERROR | Account Error CMEGroup: 402 Payment Required
Your enrolled account [2046188739676782592] does not have any credits to fulfill this request.
2026-06-24 23:29:59,108 | ERROR | Account Error ReutersAg: 402 Payment Required
Your enrolled account [2046188739676782592] does not have any credits to fulfill this request.
2026-06-24 23:29:59,377 | ERROR | Account Error WalterBloomberg: 402 Payment Required
Your enrolled account [2046188739676782592] does not have any credits to fulfill this request.
2026-06-24 23:30:00,365 | ERROR | Account Error financialjuice: 402 Payment Required
Your enrolled account [2046188739676782592] does not have any credits to fulfill this request.
2026-06-24 23:30:00,765 | ERROR | Account Error Barchart: 402 Payment Required
Your enrolled account [2046188739676782592] does not have any credits to fulfill this request.
2026-06-24 23:30:01,009 | ERROR | Account Error StoneXGroup: 402 Payment Required
Your enrolled account [2046188739676782592] does not have any credits to fulfill this request.
2026-06-24 23:30:01,277 | ERROR | Account Error ADMupdates: 402 Payment Required
Your enrolled account [2046188739676782592] does not have any credits to fulfill this request.
2026-06-24 23:30:01,528 | ERROR | Account Error CHSInc: 402 Payment Required
Your enrolled account [2046188739676782592] does not have any credits to fulfill this request.
2026-06-24 23:30:01,792 | ERROR | Account Error Cargill: 402 Payment Required
Your enrolled account [2046188739676782592] does not have any credits to fulfill this request.
2026-06-24 23:30:17,054 | ERROR | Account Error kannbwx: 402 Payment Required
Your enrolled account [2046188739676782592] does not have any credits to fulfill this request.
2026-06-24 23:30:17,307 | ERROR | Account Error SUNSEEDMAN: 402 Payment Required
Your enrolled account [2046188739676782592] does not have any credits to fulfill this request.
2026-06-24 23:30:17,556 | ERROR | Account Error mkt_intl: 402 Payment Required
Your enrolled account [2046188739676782592] does not have any credits to fulfill this request.
2026-06-24 23:30:17,841 | ERROR | Account Error FarmPolicy: 402 Payment Required
Your enrolled account [2046188739676782592] does not have any credits to fulfill this request.
2026-06-24 23:30:18,089 | ERROR | Account Error CropProphet: 402 Payment Required
Your enrolled account [2046188739676782592] does not have any credits to fulfill this request.
2026-06-24 23:30:18,348 | ERROR | Account Error USDA: 402 Payment Required
Your enrolled account [2046188739676782592] does not have any credits to fulfill this request.
2026-06-24 23:30:18,605 | ERROR | Account Error usda_nass: 402 Payment Required
Your enrolled account [2046188739676782592] does not have any credits to fulfill this request.
2026-06-24 23:30:18,871 | ERROR | Account Error usda_fas: 402 Payment Required
Your enrolled account [2046188739676782592] does not have any credits to fulfill this request.
2026-06-24 23:30:19,108 | ERROR | Account Error NWS: 402 Payment Required
Your enrolled account [2046188739676782592] does not have any credits to fulfill this request.
2026-06-24 23:30:19,386 | ERROR | Account Error NOAAClimate: 402 Payment Required
Your enrolled account [2046188739676782592] does not have any credits to fulfill this request.
2026-06-24 23:30:19,638 | ERROR | Account Error CMEGroup: 402 Payment Required
Your enrolled account [2046188739676782592] does not have any credits to fulfill this request.
2026-06-24 23:30:19,888 | ERROR | Account Error ReutersAg: 402 Payment Required
Your enrolled account [2046188739676782592] does not have any credits to fulfill this request.
2026-06-24 23:30:20,154 | ERROR | Account Error WalterBloomberg: 402 Payment Required
Your enrolled account [2046188739676782592] does not have any credits to fulfill this request.
2026-06-24 23:30:20,423 | ERROR | Account Error financialjuice: 402 Payment Required
Your enrolled account [2046188739676782592] does not have any credits to fulfill this request.
2026-06-24 23:30:20,655 | ERROR | Account Error Barchart: 402 Payment Required
Your enrolled account [2046188739676782592] does not have any credits to fulfill this request.
2026-06-24 23:30:20,921 | ERROR | Account Error StoneXGroup: 402 Payment Required
Your enrolled account [2046188739676782592] does not have any credits to fulfill this request.
2026-06-24 23:30:21,202 | ERROR | Account Error ADMupdates: 402 Payment Required
Your enrolled account [2046188739676782592] does not have any credits to fulfill this request.
2026-06-24 23:30:21,454 | ERROR | Account Error CHSInc: 402 Payment Required
Your enrolled account [2046188739676782592] does not have any credits to fulfill this request.
2026-06-24 23:30:21,697 | ERROR | Account Error Cargill: 402 Payment Required
Your enrolled account [2046188739676782592] does not have any credits to fulfill this request.
2026-06-24 23:30:36,972 | ERROR | Account Error kannbwx: 402 Payment Required
Your enrolled account [2046188739676782592] does not have any credits to fulfill this request.
2026-06-24 23:30:37,233 | ERROR | Account Error SUNSEEDMAN: 402 Payment Required
Your enrolled account [2046188739676782592] does not have any credits to fulfill this request.
2026-06-24 23:30:37,515 | ERROR | Account Error mkt_intl: 402 Payment Required
Your enrolled account [2046188739676782592] does not have any credits to fulfill this request.
2026-06-24 23:30:37,784 | ERROR | Account Error FarmPolicy: 402 Payment Required
Your enrolled account [2046188739676782592] does not have any credits to fulfill this request.
2026-06-24 23:30:38,034 | ERROR | Account Error CropProphet: 402 Payment Required
Your enrolled account [2046188739676782592] does not have any credits to fulfill this request.
2026-06-24 23:30:38,283 | ERROR | Account Error USDA: 402 Payment Required
Your enrolled account [2046188739676782592] does not have any credits to fulfill this request.
2026-06-24 23:30:38,539 | ERROR | Account Error usda_nass: 402 Payment Required
Your enrolled account [2046188739676782592] does not have any credits to fulfill this request.
2026-06-24 23:30:38,785 | ERROR | Account Error usda_fas: 402 Payment Required
Your enrolled account [2046188739676782592] does not have any credits to fulfill this request.
2026-06-24 23:30:39,041 | ERROR | Account Error NWS: 402 Payment Required
Your enrolled account [2046188739676782592] does not have any credits to fulfill this request.
2026-06-24 23:30:39,299 | ERROR | Account Error NOAAClimate: 402 Payment Required
Your enrolled account [2046188739676782592] does not have any credits to fulfill this request.
2026-06-24 23:30:39,551 | ERROR | Account Error CMEGroup: 402 Payment Required
Your enrolled account [2046188739676782592] does not have any credits to fulfill this request.
2026-06-24 23:30:39,801 | ERROR | Account Error ReutersAg: 402 Payment Required
Your enrolled account [2046188739676782592] does not have any credits to fulfill this request.
2026-06-24 23:30:40,051 | ERROR | Account Error WalterBloomberg: 402 Payment Required
Your enrolled account [2046188739676782592] does not have any credits to fulfill this request.
2026-06-24 23:30:40,284 | ERROR | Account Error financialjuice: 402 Payment Required
Your enrolled account [2046188739676782592] does not have any credits to fulfill this request.
2026-06-24 23:30:40,549 | ERROR | Account Error Barchart: 402 Payment Required
Your enrolled account [2046188739676782592] does not have any credits to fulfill this request.
2026-06-24 23:30:40,797 | ERROR | Account Error StoneXGroup: 402 Payment Required
Your enrolled account [2046188739676782592] does not have any credits to fulfill this request.
2026-06-24 23:30:41,049 | ERROR | Account Error ADMupdates: 402 Payment Required
Your enrolled account [2046188739676782592] does not have any credits to fulfill this request.
2026-06-24 23:30:41,299 | ERROR | Account Error CHSInc: 402 Payment Required
Your enrolled account [2046188739676782592] does not have any credits to fulfill this request.
2026-06-24 23:30:41,556 | ERROR | Account Error Cargill: 402 Payment Required
Your enrolled account [2046188739676782592] does not have any credits to fulfill this request.
2026-06-24 23:30:56,814 | ERROR | Account Error kannbwx: 402 Payment Required
Your enrolled account [2046188739676782592] does not have any credits to fulfill this request.
2026-06-24 23:30:57,094 | ERROR | Account Error SUNSEEDMAN: 402 Payment Required
Your enrolled account [2046188739676782592] does not have any credits to fulfill this request.
2026-06-24 23:30:57,360 | ERROR | Account Error mkt_intl: 402 Payment Required
Your enrolled account [2046188739676782592] does not have any credits to fulfill this request.
2026-06-24 23:30:57,598 | ERROR | Account Error FarmPolicy: 402 Payment Required
Your enrolled account [2046188739676782592] does not have any credits to fulfill this request.
2026-06-24 23:30:57,877 | ERROR | Account Error CropProphet: 402 Payment Required
Your enrolled account [2046188739676782592] does not have any credits to fulfill this request.
2026-06-24 23:30:58,130 | ERROR | Account Error USDA: 402 Payment Required
Your enrolled account [2046188739676782592] does not have any credits to fulfill this request.
2026-06-24 23:30:58,410 | ERROR | Account Error usda_nass: 402 Payment Required
Your enrolled account [2046188739676782592] does not have any credits to fulfill this request.
2026-06-24 23:30:58,694 | ERROR | Account Error usda_fas: 402 Payment Required
Your enrolled account [2046188739676782592] does not have any credits to fulfill this request.
2026-06-24 23:30:58,946 | ERROR | Account Error NWS: 402 Payment Required
Your enrolled account [2046188739676782592] does not have any credits to fulfill this request.
2026-06-24 23:30:59,181 | ERROR | Account Error NOAAClimate: 402 Payment Required
Your enrolled account [2046188739676782592] does not have any credits to fulfill this request.
2026-06-24 23:30:59,444 | ERROR | Account Error CMEGroup: 402 Payment Required
Your enrolled account [2046188739676782592] does not have any credits to fulfill this request.
2026-06-24 23:30:59,696 | ERROR | Account Error ReutersAg: 402 Payment Required
Your enrolled account [2046188739676782592] does not have any credits to fulfill this request.
2026-06-24 23:30:59,960 | ERROR | Account Error WalterBloomberg: 402 Payment Required
Your enrolled account [2046188739676782592] does not have any credits to fulfill this request.
2026-06-24 23:31:00,212 | ERROR | Account Error financialjuice: 402 Payment Required
Your enrolled account [2046188739676782592] does not have any credits to fulfill this request.
2026-06-24 23:31:00,462 | ERROR | Account Error Barchart: 402 Payment Required
Your enrolled account [2046188739676782592] does not have any credits to fulfill this request.
2026-06-24 23:31:00,728 | ERROR | Account Error StoneXGroup: 402 Payment Required
Your enrolled account [2046188739676782592] does not have any credits to fulfill this request.
2026-06-24 23:31:01,081 | ERROR | Account Error ADMupdates: 402 Payment Required
Your enrolled account [2046188739676782592] does not have any credits to fulfill this request.
2026-06-24 23:31:01,329 | ERROR | Account Error CHSInc: 402 Payment Required
Your enrolled account [2046188739676782592] does not have any credits to fulfill this request.
2026-06-24 23:31:01,593 | ERROR | Account Error Cargill: 402 Payment Required
Your enrolled account [2046188739676782592] does not have any credits to fulfill this request.
2026-06-24 23:31:16,840 | ERROR | Account Error kannbwx: 402 Payment Required
Your enrolled account [2046188739676782592] does not have any credits to fulfill this request.
2026-06-24 23:31:17,092 | ERROR | Account Error SUNSEEDMAN: 402 Payment Required
Your enrolled account [2046188739676782592] does not have any credits to fulfill this request.
2026-06-24 23:31:17,356 | ERROR | Account Error mkt_intl: 402 Payment Required
Your enrolled account [2046188739676782592] does not have any credits to fulfill this request.
2026-06-24 23:31:17,640 | ERROR | Account Error FarmPolicy: 402 Payment Required
Your enrolled account [2046188739676782592] does not have any credits to fulfill this request.
2026-06-24 23:31:17,893 | ERROR | Account Error CropProphet: 402 Payment Required
Your enrolled account [2046188739676782592] does not have any credits to fulfill this request.
2026-06-24 23:31:18,142 | ERROR | Account Error USDA: 402 Payment Required
Your enrolled account [2046188739676782592] does not have any credits to fulfill this request.
2026-06-24 23:31:18,437 | ERROR | Account Error usda_nass: 402 Payment Required
Your enrolled account [2046188739676782592] does not have any credits to fulfill this request.
2026-06-24 23:31:18,691 | ERROR | Account Error usda_fas: 402 Payment Required
Your enrolled account [2046188739676782592] does not have any credits to fulfill this request.
2026-06-24 23:31:18,940 | ERROR | Account Error NWS: 402 Payment Required
Your enrolled account [2046188739676782592] does not have any credits to fulfill this request.
2026-06-24 23:31:19,175 | ERROR | Account Error NOAAClimate: 402 Payment Required
Your enrolled account [2046188739676782592] does not have any credits to fulfill this request.
2026-06-24 23:31:19,581 | ERROR | Account Error CMEGroup: 402 Payment Required
Your enrolled account [2046188739676782592] does not have any credits to fulfill this request.
2026-06-24 23:31:19,840 | ERROR | Account Error ReutersAg: 402 Payment Required
Your enrolled account [2046188739676782592] does not have any credits to fulfill this request.
2026-06-24 23:31:20,091 | ERROR | Account Error WalterBloomberg: 402 Payment Required
Your enrolled account [2046188739676782592] does not have any credits to fulfill this request.
2026-06-24 23:31:20,355 | ERROR | Account Error financialjuice: 402 Payment Required
Your enrolled account [2046188739676782592] does not have any credits to fulfill this request.
2026-06-24 23:31:20,610 | ERROR | Account Error Barchart: 402 Payment Required
Your enrolled account [2046188739676782592] does not have any credits to fulfill this request.
2026-06-24 23:31:20,856 | ERROR | Account Error StoneXGroup: 402 Payment Required
Your enrolled account [2046188739676782592] does not have any credits to fulfill this request.
2026-06-24 23:31:21,100 | ERROR | Account Error ADMupdates: 402 Payment Required
Your enrolled account [2046188739676782592] does not have any credits to fulfill this request.
2026-06-24 23:31:21,356 | ERROR | Account Error CHSInc: 402 Payment Required
Your enrolled account [2046188739676782592] does not have any credits to fulfill this request.
2026-06-24 23:31:21,609 | ERROR | Account Error Cargill: 402 Payment Required
Your enrolled account [2046188739676782592] does not have any credits to fulfill this request.
2026-06-24 23:31:36,872 | ERROR | Account Error kannbwx: 402 Payment Required
Your enrolled account [2046188739676782592] does not have any credits to fulfill this request.
2026-06-24 23:31:37,136 | ERROR | Account Error SUNSEEDMAN: 402 Payment Required
Your enrolled account [2046188739676782592] does not have any credits to fulfill this request.
2026-06-24 23:31:37,402 | ERROR | Account Error mkt_intl: 402 Payment Required
Your enrolled account [2046188739676782592] does not have any credits to fulfill this request.
2026-06-24 23:31:37,653 | ERROR | Account Error FarmPolicy: 402 Payment Required
Your enrolled account [2046188739676782592] does not have any credits to fulfill this request.
2026-06-24 23:31:37,889 | ERROR | Account Error CropProphet: 402 Payment Required
Your enrolled account [2046188739676782592] does not have any credits to fulfill this request.
2026-06-24 23:31:38,138 | ERROR | Account Error USDA: 402 Payment Required
Your enrolled account [2046188739676782592] does not have any credits to fulfill this request.
2026-06-24 23:31:38,389 | ERROR | Account Error usda_nass: 402 Payment Required
Your enrolled account [2046188739676782592] does not have any credits to fulfill this request.
2026-06-24 23:31:38,640 | ERROR | Account Error usda_fas: 402 Payment Required
Your enrolled account [2046188739676782592] does not have any credits to fulfill this request.
2026-06-24 23:31:38,885 | ERROR | Account Error NWS: 402 Payment Required
Your enrolled account [2046188739676782592] does not have any credits to fulfill this request.
2026-06-24 23:31:39,153 | ERROR | Account Error NOAAClimate: 402 Payment Required
Your enrolled account [2046188739676782592] does not have any credits to fulfill this request.
2026-06-24 23:31:39,403 | ERROR | Account Error CMEGroup: 402 Payment Required
Your enrolled account [2046188739676782592] does not have any credits to fulfill this request.
2026-06-24 23:31:39,656 | ERROR | Account Error ReutersAg: 402 Payment Required
Your enrolled account [2046188739676782592] does not have any credits to fulfill this request.
2026-06-24 23:31:39,918 | ERROR | Account Error WalterBloomberg: 402 Payment Required
Your enrolled account [2046188739676782592] does not have any credits to fulfill this request.
2026-06-24 23:31:40,168 | ERROR | Account Error financialjuice: 402 Payment Required
Your enrolled account [2046188739676782592] does not have any credits to fulfill this request.
2026-06-24 23:31:40,403 | ERROR | Account Error Barchart: 402 Payment Required
Your enrolled account [2046188739676782592] does not have any credits to fulfill this request.
2026-06-24 23:31:40,670 | ERROR | Account Error StoneXGroup: 402 Payment Required
Your enrolled account [2046188739676782592] does not have any credits to fulfill this request.
2026-06-24 23:31:40,925 | ERROR | Account Error ADMupdates: 402 Payment Required
Your enrolled account [2046188739676782592] does not have any credits to fulfill this request.
2026-06-24 23:31:41,183 | ERROR | Account Error CHSInc: 402 Payment Required
Your enrolled account [2046188739676782592] does not have any credits to fulfill this request.
2026-06-24 23:31:41,434 | ERROR | Account Error Cargill: 402 Payment Required
Your enrolled account [2046188739676782592] does not have any credits to fulfill this request.
2026-06-24 23:31:56,682 | ERROR | Account Error kannbwx: 402 Payment Required
Your enrolled account [2046188739676782592] does not have any credits to fulfill this request.
2026-06-24 23:31:56,933 | ERROR | Account Error SUNSEEDMAN: 402 Payment Required
Your enrolled account [2046188739676782592] does not have any credits to fulfill this request.
2026-06-24 23:31:57,182 | ERROR | Account Error mkt_intl: 402 Payment Required
Your enrolled account [2046188739676782592] does not have any credits to fulfill this request.
2026-06-24 23:31:57,435 | ERROR | Account Error FarmPolicy: 402 Payment Required
Your enrolled account [2046188739676782592] does not have any credits to fulfill this request.
2026-06-24 23:31:57,697 | ERROR | Account Error CropProphet: 402 Payment Required
Your enrolled account [2046188739676782592] does not have any credits to fulfill this request.
2026-06-24 23:31:57,963 | ERROR | Account Error USDA: 402 Payment Required
Your enrolled account [2046188739676782592] does not have any credits to fulfill this request.
2026-06-24 23:31:58,214 | ERROR | Account Error usda_nass: 402 Payment Required
Your enrolled account [2046188739676782592] does not have any credits to fulfill this request.
2026-06-24 23:31:58,450 | ERROR | Account Error usda_fas: 402 Payment Required
Your enrolled account [2046188739676782592] does not have any credits to fulfill this request.
2026-06-24 23:31:58,702 | ERROR | Account Error NWS: 402 Payment Required
Your enrolled account [2046188739676782592] does not have any credits to fulfill this request.
2026-06-24 23:31:58,947 | ERROR | Account Error NOAAClimate: 402 Payment Required
Your enrolled account [2046188739676782592] does not have any credits to fulfill this request.
2026-06-24 23:31:59,196 | ERROR | Account Error CMEGroup: 402 Payment Required
Your enrolled account [2046188739676782592] does not have any credits to fulfill this request.
2026-06-24 23:31:59,447 | ERROR | Account Error ReutersAg: 402 Payment Required
Your enrolled account [2046188739676782592] does not have any credits to fulfill this request.
2026-06-24 23:31:59,712 | ERROR | Account Error WalterBloomberg: 402 Payment Required
Your enrolled account [2046188739676782592] does not have any credits to fulfill this request.
2026-06-24 23:31:59,948 | ERROR | Account Error financialjuice: 402 Payment Required
Your enrolled account [2046188739676782592] does not have any credits to fulfill this request.
2026-06-24 23:32:00,201 | ERROR | Account Error Barchart: 402 Payment Required
Your enrolled account [2046188739676782592] does not have any credits to fulfill this request.
2026-06-24 23:32:00,446 | ERROR | Account Error StoneXGroup: 402 Payment Required
Your enrolled account [2046188739676782592] does not have any credits to fulfill this request.
2026-06-24 23:32:00,696 | ERROR | Account Error ADMupdates: 402 Payment Required
Your enrolled account [2046188739676782592] does not have any credits to fulfill this request.
2026-06-24 23:32:00,978 | ERROR | Account Error CHSInc: 402 Payment Required
Your enrolled account [2046188739676782592] does not have any credits to fulfill this request.
2026-06-24 23:32:01,236 | ERROR | Account Error Cargill: 402 Payment Required
Your enrolled account [2046188739676782592] does not have any credits to fulfill this request.
2026-06-24 23:32:16,493 | ERROR | Account Error kannbwx: 402 Payment Required
Your enrolled account [2046188739676782592] does not have any credits to fulfill this request.
2026-06-24 23:32:16,759 | ERROR | Account Error SUNSEEDMAN: 402 Payment Required
Your enrolled account [2046188739676782592] does not have any credits to fulfill this request.
2026-06-24 23:32:17,040 | ERROR | Account Error mkt_intl: 402 Payment Required
Your enrolled account [2046188739676782592] does not have any credits to fulfill this request.
2026-06-24 23:32:17,293 | ERROR | Account Error FarmPolicy: 402 Payment Required
Your enrolled account [2046188739676782592] does not have any credits to fulfill this request.
2026-06-24 23:32:17,528 | ERROR | Account Error CropProphet: 402 Payment Required
Your enrolled account [2046188739676782592] does not have any credits to fulfill this request.
2026-06-24 23:32:17,791 | ERROR | Account Error USDA: 402 Payment Required
Your enrolled account [2046188739676782592] does not have any credits to fulfill this request.
2026-06-24 23:32:18,028 | ERROR | Account Error usda_nass: 402 Payment Required
Your enrolled account [2046188739676782592] does not have any credits to fulfill this request.
2026-06-24 23:32:18,292 | ERROR | Account Error usda_fas: 402 Payment Required
Your enrolled account [2046188739676782592] does not have any credits to fulfill this request.
2026-06-24 23:32:18,544 | ERROR | Account Error NWS: 402 Payment Required
Your enrolled account [2046188739676782592] does not have any credits to fulfill this request.
2026-06-24 23:32:18,808 | ERROR | Account Error NOAAClimate: 402 Payment Required
Your enrolled account [2046188739676782592] does not have any credits to fulfill this request.
2026-06-24 23:32:19,060 | ERROR | Account Error CMEGroup: 402 Payment Required
Your enrolled account [2046188739676782592] does not have any credits to fulfill this request.
2026-06-24 23:32:19,329 | WARNING | Rate limit exceeded. Sleeping for 742 seconds.
